level,day,dayTitle,phraseNo,phraseId,friendlyLatin,arabic,english,scenario,goal,possibleMoroccanReply,cultureNote,pronunciationParts,audioNormal,audioSlow,sceneVisual,sceneVideo,status
5,1,اختيار وسيلة النقل المناسبة,1,L05-D01-P01,shno l-wsila l-ahsan lhad lblasa?,شنو الوسيلة الأحسن لهاد البلاصة؟,What is the best transport for this place?,You ask a host or local before leaving.,What is the best transport for this place?,"taksi wla tram, 3la hsab fin ghadi","The best option depends on distance, luggage, and time.",shno / l-wsila / l-ahsan / lhad lblasa,assets/audio/level05/day01/l05-d01-p01-normal.mp3,assets/audio/level05/day01/l05-d01-p01-slow.mp3,assets/images/lesson-scenes/level05/day01/l05-d01-p01-scene.webp,assets/video/level05/day01/l05-d01-p01-scene.mp4,DRAFT_WEB_RESEARCHED_NEEDS_NATIVE_AUDIO_QA
5,1,اختيار وسيلة النقل المناسبة,2,L05-D01-P02,wach nmsi b-tram wla b-taksi?,واش نمشي بطرام ولا بطاكسي؟,Should I go by tram or by taxi?,You compare two options.,Should I go by tram or by taxi?,"ila qriba, tram mzyan",A direct comparison question is practical and natural.,wach / nmsi b-tram / wla b-taksi,assets/audio/level05/day01/l05-d01-p02-normal.mp3,assets/audio/level05/day01/l05-d01-p02-slow.mp3,assets/images/lesson-scenes/level05/day01/l05-d01-p02-scene.webp,assets/video/level05/day01/l05-d01-p02-scene.mp4,DRAFT_WEB_RESEARCHED_NEEDS_NATIVE_AUDIO_QA
5,1,اختيار وسيلة النقل المناسبة,3,L05-D01-P03,shhal ghadi yakhod l-waqt?,شحال غادي ياخد الوقت؟,How long will it take?,You need to know travel time.,How long will it take?,shi nos sa3a,"Time estimates may be approximate, so stay flexible.",shhal / ghadi yakhod / l-waqt,assets/audio/level05/day01/l05-d01-p03-normal.mp3,assets/audio/level05/day01/l05-d01-p03-slow.mp3,assets/images/lesson-scenes/level05/day01/l05-d01-p03-scene.webp,assets/video/level05/day01/l05-d01-p03-scene.mp4,DRAFT_WEB_RESEARCHED_NEEDS_NATIVE_AUDIO_QA
5,1,اختيار وسيلة النقل المناسبة,4,L05-D01-P04,wach kayn tariq sahla?,واش كاين طريق سهلة؟,Is there an easy route?,You have bags and want an easier way.,Is there an easy route?,"ah, sir nishan mn hna",Say sahla when comfort matters more than speed.,wach kayn / tariq / sahla,assets/audio/level05/day01/l05-d01-p04-normal.mp3,assets/audio/level05/day01/l05-d01-p04-slow.mp3,assets/images/lesson-scenes/level05/day01/l05-d01-p04-scene.webp,assets/video/level05/day01/l05-d01-p04-scene.mp4,DRAFT_WEB_RESEARCHED_NEEDS_NATIVE_AUDIO_QA
5,1,اختيار وسيلة النقل المناسبة,5,L05-D01-P05,"safi, ghadi nmsi b-hadi",صافي، غادي نمشي بهادي,"Okay, I will take this one.",You decide which option to take.,"Okay, I will take this one.","wakha, treq salama",Safi naturally closes a decision.,safi / ghadi nmsi / b-hadi,assets/audio/level05/day01/l05-d01-p05-normal.mp3,assets/audio/level05/day01/l05-d01-p05-slow.mp3,assets/images/lesson-scenes/level05/day01/l05-d01-p05-scene.webp,assets/video/level05/day01/l05-d01-p05-scene.mp4,DRAFT_WEB_RESEARCHED_NEEDS_NATIVE_AUDIO_QA
5,2,تاكسي صغير داخل المدينة,1,L05-D02-P01,taksi sghir l-mdina afak,طاكسي صغير للمدينة عافاك,"A small taxi to the city, please.",You are near the street and need a petit taxi.,"A small taxi to the city, please.",fin bghiti tmshi?,Petit taxis usually work inside city limits.,taksi sghir / l-mdina / afak,assets/audio/level05/day02/l05-d02-p01-normal.mp3,assets/audio/level05/day02/l05-d02-p01-slow.mp3,assets/images/lesson-scenes/level05/day02/l05-d02-p01-scene.webp,assets/video/level05/day02/l05-d02-p01-scene.mp4,DRAFT_WEB_RESEARCHED_NEEDS_NATIVE_AUDIO_QA
5,2,تاكسي صغير داخل المدينة,2,L05-D02-P02,bghit nmsi l-blasa hadi,بغيت نمشي للبلاصة هادي,I want to go to this place.,You show a destination on your phone.,I want to go to this place.,"ah, rak qrib",Showing the map helps if pronunciation is hard.,bghit nmsi / l-blasa / hadi,assets/audio/level05/day02/l05-d02-p02-normal.mp3,assets/audio/level05/day02/l05-d02-p02-slow.mp3,assets/images/lesson-scenes/level05/day02/l05-d02-p02-scene.webp,assets/video/level05/day02/l05-d02-p02-scene.mp4,DRAFT_WEB_RESEARCHED_NEEDS_NATIVE_AUDIO_QA
5,2,تاكسي صغير داخل المدينة,3,L05-D02-P03,wach l-compteur khdam?,واش الكونتور خدام؟,Is the meter working?,You want to avoid confusion about the fare.,Is the meter working?,ah khdam,"In city taxis, asking about the meter can be normal.",wach / l-compteur / khdam,assets/audio/level05/day02/l05-d02-p03-normal.mp3,assets/audio/level05/day02/l05-d02-p03-slow.mp3,assets/images/lesson-scenes/level05/day02/l05-d02-p03-scene.webp,assets/video/level05/day02/l05-d02-p03-scene.mp4,DRAFT_WEB_RESEARCHED_NEEDS_NATIVE_AUDIO_QA
5,2,تاكسي صغير داخل المدينة,4,L05-D02-P04,qrebna?,قربنا؟,Are we close?,You are in the taxi and want to know if you are near.,Are we close?,"ah, qrebna",A very short question is enough in a taxi.,qrebna,assets/audio/level05/day02/l05-d02-p04-normal.mp3,assets/audio/level05/day02/l05-d02-p04-slow.mp3,assets/images/lesson-scenes/level05/day02/l05-d02-p04-scene.webp,assets/video/level05/day02/l05-d02-p04-scene.mp4,DRAFT_WEB_RESEARCHED_NEEDS_NATIVE_AUDIO_QA
5,2,تاكسي صغير داخل المدينة,5,L05-D02-P05,"hna mezian, shukran",هنا مزيان، شكرا,"Here is good, thank you.",You reached a convenient stopping point.,"Here is good, thank you.",bssaha,Short polite endings work well with drivers.,hna mezian / shukran,assets/audio/level05/day02/l05-d02-p05-normal.mp3,assets/audio/level05/day02/l05-d02-p05-slow.mp3,assets/images/lesson-scenes/level05/day02/l05-d02-p05-scene.webp,assets/video/level05/day02/l05-d02-p05-scene.mp4,DRAFT_WEB_RESEARCHED_NEEDS_NATIVE_AUDIO_QA
5,3,طاكسي كبير بين المدن القريبة,1,L05-D03-P01,fin kayn taksi kbir?,فين كاين طاكسي كبير؟,Where is the grand taxi?,You look for shared taxis near a station.,Where is the grand taxi?,temma 7da l-gar,Grand taxis often have dedicated stands.,fin kayn / taksi kbir,assets/audio/level05/day03/l05-d03-p01-normal.mp3,assets/audio/level05/day03/l05-d03-p01-slow.mp3,assets/images/lesson-scenes/level05/day03/l05-d03-p01-scene.webp,assets/video/level05/day03/l05-d03-p01-scene.mp4,DRAFT_WEB_RESEARCHED_NEEDS_NATIVE_AUDIO_QA
5,3,طاكسي كبير بين المدن القريبة,2,L05-D03-P02,wach ghadi l-mdina hadik?,واش غادي للمدينة هاديك؟,Are you going to that city?,You ask if the taxi goes to your destination.,Are you going to that city?,"ah, tal3",Always confirm the city before entering.,wach ghadi / l-mdina / hadik,assets/audio/level05/day03/l05-d03-p02-normal.mp3,assets/audio/level05/day03/l05-d03-p02-slow.mp3,assets/images/lesson-scenes/level05/day03/l05-d03-p02-scene.webp,assets/video/level05/day03/l05-d03-p02-scene.mp4,DRAFT_WEB_RESEARCHED_NEEDS_NATIVE_AUDIO_QA
5,3,طاكسي كبير بين المدن القريبة,3,L05-D03-P03,bshhal l-blasa?,بشحال البلاصة؟,How much is one seat?,You need the shared taxi seat price.,How much is one seat?,khmsin dirham,Shared taxis may charge per seat.,bshhal / l-blasa,assets/audio/level05/day03/l05-d03-p03-normal.mp3,assets/audio/level05/day03/l05-d03-p03-slow.mp3,assets/images/lesson-scenes/level05/day03/l05-d03-p03-scene.webp,assets/video/level05/day03/l05-d03-p03-scene.mp4,DRAFT_WEB_RESEARCHED_NEEDS_NATIVE_AUDIO_QA
5,3,طاكسي كبير بين المدن القريبة,4,L05-D03-P04,wach khasni ntsenna 3la l-kamal?,واش خاصني نتسنى على الكمال؟,Do I need to wait until it is full?,You want to know when the taxi leaves.,Do I need to wait until it is full?,"ah, khasna nkmlo",Shared taxis may wait for passengers before departure.,wach khasni / ntsena / 3la l-kamal,assets/audio/level05/day03/l05-d03-p04-normal.mp3,assets/audio/level05/day03/l05-d03-p04-slow.mp3,assets/images/lesson-scenes/level05/day03/l05-d03-p04-scene.webp,assets/video/level05/day03/l05-d03-p04-scene.mp4,DRAFT_WEB_RESEARCHED_NEEDS_NATIVE_AUDIO_QA
5,3,طاكسي كبير بين المدن القريبة,5,L05-D03-P05,"mzyan, hadi blasti",مزيان، هادي بلاصتي,"Good, this is my seat.",You accept the seat.,"Good, this is my seat.",marhba,Seat clarity avoids confusion.,mzyan / hadi / blasti,assets/audio/level05/day03/l05-d03-p05-normal.mp3,assets/audio/level05/day03/l05-d03-p05-slow.mp3,assets/images/lesson-scenes/level05/day03/l05-d03-p05-scene.webp,assets/video/level05/day03/l05-d03-p05-scene.mp4,DRAFT_WEB_RESEARCHED_NEEDS_NATIVE_AUDIO_QA
5,4,محطة القطار,1,L05-D04-P01,fin kayna l-gar?,فين كاينة لاگار؟,Where is the train station?,You are in the city and need the station.,Where is the train station?,qdam shwiya 3la limen,L-gar is widely understood for train station.,fin kayna / l-gar,assets/audio/level05/day04/l05-d04-p01-normal.mp3,assets/audio/level05/day04/l05-d04-p01-slow.mp3,assets/images/lesson-scenes/level05/day04/l05-d04-p01-scene.webp,assets/video/level05/day04/l05-d04-p01-scene.mp4,DRAFT_WEB_RESEARCHED_NEEDS_NATIVE_AUDIO_QA
5,4,محطة القطار,2,L05-D04-P02,fin kayn l-bureau dyal tickets?,فين كاين البيرو ديال التذاكر؟,Where is the ticket office?,You enter the station and need a ticket.,Where is the ticket office?,temma 3la lisar,French loan words are common in transport contexts.,fin kayn / l-bureau / dyal tickets,assets/audio/level05/day04/l05-d04-p02-normal.mp3,assets/audio/level05/day04/l05-d04-p02-slow.mp3,assets/images/lesson-scenes/level05/day04/l05-d04-p02-scene.webp,assets/video/level05/day04/l05-d04-p02-scene.mp4,DRAFT_WEB_RESEARCHED_NEEDS_NATIVE_AUDIO_QA
5,4,محطة القطار,3,L05-D04-P03,bghit nshoof les horaires,بغيت نشوف ليزورير,I want to see the schedules.,You want train times.,I want to see the schedules.,rah f-shasha,Stations often show schedules on screens.,bghit nshoof / les horaires,assets/audio/level05/day04/l05-d04-p03-normal.mp3,assets/audio/level05/day04/l05-d04-p03-slow.mp3,assets/images/lesson-scenes/level05/day04/l05-d04-p03-scene.webp,assets/video/level05/day04/l05-d04-p03-scene.mp4,DRAFT_WEB_RESEARCHED_NEEDS_NATIVE_AUDIO_QA
5,4,محطة القطار,4,L05-D04-P04,fin kayn l-quai?,فين كاين الكي؟,Where is the platform?,You have a ticket and need the platform.,Where is the platform?,quai jouj,Platform words may be in French.,fin kayn / l-quai,assets/audio/level05/day04/l05-d04-p04-normal.mp3,assets/audio/level05/day04/l05-d04-p04-slow.mp3,assets/images/lesson-scenes/level05/day04/l05-d04-p04-scene.webp,assets/video/level05/day04/l05-d04-p04-scene.mp4,DRAFT_WEB_RESEARCHED_NEEDS_NATIVE_AUDIO_QA
5,4,محطة القطار,5,L05-D04-P05,"shukran, ghadi ntbe3 l-3alamat",شكرا، غادي نتبع العلامات,"Thanks, I will follow the signs.",Someone points the way.,"Thanks, I will follow the signs.",treq salama,"Signs help, but asking once can save time.",shukran / ghadi ntbe3 / l-3alamat,assets/audio/level05/day04/l05-d04-p05-normal.mp3,assets/audio/level05/day04/l05-d04-p05-slow.mp3,assets/images/lesson-scenes/level05/day04/l05-d04-p05-scene.webp,assets/video/level05/day04/l05-d04-p05-scene.mp4,DRAFT_WEB_RESEARCHED_NEEDS_NATIVE_AUDIO_QA
5,5,شراء تذكرة القطار,1,L05-D05-P01,bghit ticket l-rbat afak,بغيت تيكي للرباط عافاك,"I want a ticket to Rabat, please.",You are at the ticket counter.,"I want a ticket to Rabat, please.",mta bghiti tmshi?,Use city names clearly at stations.,bghit ticket / l-rbat / afak,assets/audio/level05/day05/l05-d05-p01-normal.mp3,assets/audio/level05/day05/l05-d05-p01-slow.mp3,assets/images/lesson-scenes/level05/day05/l05-d05-p01-scene.webp,assets/video/level05/day05/l05-d05-p01-scene.mp4,DRAFT_WEB_RESEARCHED_NEEDS_NATIVE_AUDIO_QA
5,5,شراء تذكرة القطار,2,L05-D05-P02,l-yom wla ghdda?,اليوم ولا غدا؟,Today or tomorrow?,The agent asks about the date.,Today or tomorrow?,l-yom,Be ready to specify day and time.,l-yom / wla ghdda,assets/audio/level05/day05/l05-d05-p02-normal.mp3,assets/audio/level05/day05/l05-d05-p02-slow.mp3,assets/images/lesson-scenes/level05/day05/l05-d05-p02-scene.webp,assets/video/level05/day05/l05-d05-p02-scene.mp4,DRAFT_WEB_RESEARCHED_NEEDS_NATIVE_AUDIO_QA
5,5,شراء تذكرة القطار,3,L05-D05-P03,bghit ticket l-yom m3a l-3shiya,بغيت تيكي اليوم مع العشية,I want a ticket today in the evening.,You want an evening train.,I want a ticket today in the evening.,kayn wahed f sitta,Moroccan time expressions like l-3shiya are useful.,bghit ticket / l-yom / m3a l-3shiya,assets/audio/level05/day05/l05-d05-p03-normal.mp3,assets/audio/level05/day05/l05-d05-p03-slow.mp3,assets/images/lesson-scenes/level05/day05/l05-d05-p03-scene.webp,assets/video/level05/day05/l05-d05-p03-scene.mp4,DRAFT_WEB_RESEARCHED_NEEDS_NATIVE_AUDIO_QA
5,5,شراء تذكرة القطار,4,L05-D05-P04,wach kayna blasa?,واش كاينة بلاصة؟,Is there a seat available?,You check availability.,Is there a seat available?,ah kayna,Availability matters on busy routes.,wach kayna / blasa,assets/audio/level05/day05/l05-d05-p04-normal.mp3,assets/audio/level05/day05/l05-d05-p04-slow.mp3,assets/images/lesson-scenes/level05/day05/l05-d05-p04-scene.webp,assets/video/level05/day05/l05-d05-p04-scene.mp4,DRAFT_WEB_RESEARCHED_NEEDS_NATIVE_AUDIO_QA
5,5,شراء تذكرة القطار,5,L05-D05-P05,"khdit ticket, shukran",خديت التيكي، شكرا,"I got the ticket, thank you.",The ticket is printed or confirmed.,"I got the ticket, thank you.",bssaha,Check city and time before leaving the counter.,khdit ticket / shukran,assets/audio/level05/day05/l05-d05-p05-normal.mp3,assets/audio/level05/day05/l05-d05-p05-slow.mp3,assets/images/lesson-scenes/level05/day05/l05-d05-p05-scene.webp,assets/video/level05/day05/l05-d05-p05-scene.mp4,DRAFT_WEB_RESEARCHED_NEEDS_NATIVE_AUDIO_QA
5,6,المنصة ووقت الانطلاق,1,L05-D06-P01,f ash mn quai l-tren?,فاش من كي التران؟,Which platform is the train on?,You are reading the ticket.,Which platform is the train on?,quai tlata,Ask staff if screens are confusing.,f ash mn / quai / l-tren,assets/audio/level05/day06/l05-d06-p01-normal.mp3,assets/audio/level05/day06/l05-d06-p01-slow.mp3,assets/images/lesson-scenes/level05/day06/l05-d06-p01-scene.webp,assets/video/level05/day06/l05-d06-p01-scene.mp4,DRAFT_WEB_RESEARCHED_NEEDS_NATIVE_AUDIO_QA
5,6,المنصة ووقت الانطلاق,2,L05-D06-P02,wach hada tren dyal casa?,واش هادا تران ديال كازا؟,Is this the train to Casablanca?,A train arrives and you want to confirm.,Is this the train to Casablanca?,"ah, hada howa",Confirm before boarding.,wach hada / tren dyal / casa,assets/audio/level05/day06/l05-d06-p02-normal.mp3,assets/audio/level05/day06/l05-d06-p02-slow.mp3,assets/images/lesson-scenes/level05/day06/l05-d06-p02-scene.webp,assets/video/level05/day06/l05-d06-p02-scene.mp4,DRAFT_WEB_RESEARCHED_NEEDS_NATIVE_AUDIO_QA
5,6,المنصة ووقت الانطلاق,3,L05-D06-P03,shhal bqa l-depart?,شحال بقا للدّيپار؟,How long until departure?,You are waiting on the platform.,How long until departure?,bqa 10 d-qayeq,Departure terms may be in French.,shhal bqa / l-depart,assets/audio/level05/day06/l05-d06-p03-normal.mp3,assets/audio/level05/day06/l05-d06-p03-slow.mp3,assets/images/lesson-scenes/level05/day06/l05-d06-p03-scene.webp,assets/video/level05/day06/l05-d06-p03-scene.mp4,DRAFT_WEB_RESEARCHED_NEEDS_NATIVE_AUDIO_QA
5,6,المنصة ووقت الانطلاق,4,L05-D06-P04,fin blasti f-tren?,فين بلاصتي فالتران؟,Where is my seat on the train?,You board and look for your seat.,Where is my seat on the train?,rak f wagon rb3a,Wagon and seat numbers matter.,fin blasti / f-tren,assets/audio/level05/day06/l05-d06-p04-normal.mp3,assets/audio/level05/day06/l05-d06-p04-slow.mp3,assets/images/lesson-scenes/level05/day06/l05-d06-p04-scene.webp,assets/video/level05/day06/l05-d06-p04-scene.mp4,DRAFT_WEB_RESEARCHED_NEEDS_NATIVE_AUDIO_QA
5,6,المنصة ووقت الانطلاق,5,L05-D06-P05,"hadi blasti, sa7?",هادي بلاصتي، صح؟,"This is my seat, right?",You verify your seat politely.,"This is my seat, right?","ah, sa7",A polite confirmation avoids conflict.,hadi blasti / sa7,assets/audio/level05/day06/l05-d06-p05-normal.mp3,assets/audio/level05/day06/l05-d06-p05-slow.mp3,assets/images/lesson-scenes/level05/day06/l05-d06-p05-scene.webp,assets/video/level05/day06/l05-d06-p05-scene.mp4,DRAFT_WEB_RESEARCHED_NEEDS_NATIVE_AUDIO_QA
5,7,تأخر القطار أو تغيير الرحلة,1,L05-D07-P01,wach l-tren t2akher?,واش التران تأخر؟,Is the train delayed?,The train is not arriving.,Is the train delayed?,"ah, t2akher shwiya",Delays can happen; stay calm and ask staff.,wach / l-tren / t2akher,assets/audio/level05/day07/l05-d07-p01-normal.mp3,assets/audio/level05/day07/l05-d07-p01-slow.mp3,assets/images/lesson-scenes/level05/day07/l05-d07-p01-scene.webp,assets/video/level05/day07/l05-d07-p01-scene.mp4,DRAFT_WEB_RESEARCHED_NEEDS_NATIVE_AUDIO_QA
5,7,تأخر القطار أو تغيير الرحلة,2,L05-D07-P02,shhal ghadi ybqa?,شحال غادي يبقى؟,How long will it be?,You need a time estimate.,How long will it be?,shi 20 dqiqa,Estimates may change.,shhal / ghadi ybqa,assets/audio/level05/day07/l05-d07-p02-normal.mp3,assets/audio/level05/day07/l05-d07-p02-slow.mp3,assets/images/lesson-scenes/level05/day07/l05-d07-p02-scene.webp,assets/video/level05/day07/l05-d07-p02-scene.mp4,DRAFT_WEB_RESEARCHED_NEEDS_NATIVE_AUDIO_QA
5,7,تأخر القطار أو تغيير الرحلة,3,L05-D07-P03,wach tbeddel l-quai?,واش تبدل الكي؟,Did the platform change?,People are moving suddenly.,Did the platform change?,"ah, sir l-quai khmsa",Platform changes require quick calm action.,wach tbeddel / l-quai,assets/audio/level05/day07/l05-d07-p03-normal.mp3,assets/audio/level05/day07/l05-d07-p03-slow.mp3,assets/images/lesson-scenes/level05/day07/l05-d07-p03-scene.webp,assets/video/level05/day07/l05-d07-p03-scene.mp4,DRAFT_WEB_RESEARCHED_NEEDS_NATIVE_AUDIO_QA
5,7,تأخر القطار أو تغيير الرحلة,4,L05-D07-P04,khasni nbeddel ticket?,خاصني نبدل التيكي؟,Do I need to change my ticket?,The schedule changed.,Do I need to change my ticket?,"la, bqa nfs ticket",Clarify ticket rules at the counter.,khasni / nbeddel ticket,assets/audio/level05/day07/l05-d07-p04-normal.mp3,assets/audio/level05/day07/l05-d07-p04-slow.mp3,assets/images/lesson-scenes/level05/day07/l05-d07-p04-scene.webp,assets/video/level05/day07/l05-d07-p04-scene.mp4,DRAFT_WEB_RESEARCHED_NEEDS_NATIVE_AUDIO_QA
5,7,تأخر القطار أو تغيير الرحلة,5,L05-D07-P05,"safi, ghadi ntsenna hna",صافي، غادي نتسنى هنا,"Okay, I will wait here.",You decide to wait after clarification.,"Okay, I will wait here.",wakha,Clear decisions reduce travel stress.,safi / ghadi ntsenna / hna,assets/audio/level05/day07/l05-d07-p05-normal.mp3,assets/audio/level05/day07/l05-d07-p05-slow.mp3,assets/images/lesson-scenes/level05/day07/l05-d07-p05-scene.webp,assets/video/level05/day07/l05-d07-p05-scene.mp4,DRAFT_WEB_RESEARCHED_NEEDS_NATIVE_AUDIO_QA
5,8,محطة الكار / CTM,1,L05-D08-P01,fin kayna mahatta dyal l-kar?,فين كاينة محطة ديال الكار؟,Where is the bus station?,You need the intercity bus station.,Where is the bus station?,qrb l-gar,Bus and train stations may be separate.,fin kayna / mahatta / dyal l-kar,assets/audio/level05/day08/l05-d08-p01-normal.mp3,assets/audio/level05/day08/l05-d08-p01-slow.mp3,assets/images/lesson-scenes/level05/day08/l05-d08-p01-scene.webp,assets/video/level05/day08/l05-d08-p01-scene.mp4,DRAFT_WEB_RESEARCHED_NEEDS_NATIVE_AUDIO_QA
5,8,محطة الكار / CTM,2,L05-D08-P02,wach hadi CTM?,واش هادي سي تي إم؟,Is this CTM?,You are near a bus office.,Is this CTM?,"ah, hadi CTM",Company names matter for buses.,wach hadi / CTM,assets/audio/level05/day08/l05-d08-p02-normal.mp3,assets/audio/level05/day08/l05-d08-p02-slow.mp3,assets/images/lesson-scenes/level05/day08/l05-d08-p02-scene.webp,assets/video/level05/day08/l05-d08-p02-scene.mp4,DRAFT_WEB_RESEARCHED_NEEDS_NATIVE_AUDIO_QA
5,8,محطة الكار / CTM,3,L05-D08-P03,bghit ticket l-agadir,بغيت تيكي لأكادير,I want a ticket to Agadir.,You are at the bus counter.,I want a ticket to Agadir.,mta bghiti tsafr?,Use destination clearly and slowly.,bghit ticket / l-agadir,assets/audio/level05/day08/l05-d08-p03-normal.mp3,assets/audio/level05/day08/l05-d08-p03-slow.mp3,assets/images/lesson-scenes/level05/day08/l05-d08-p03-scene.webp,assets/video/level05/day08/l05-d08-p03-scene.mp4,DRAFT_WEB_RESEARCHED_NEEDS_NATIVE_AUDIO_QA
5,8,محطة الكار / CTM,4,L05-D08-P04,f ash mn l-waqt kayn l-kar?,فاش من الوقت كاين الكار؟,What time is the bus?,You need the departure time.,What time is the bus?,kayn f tmnya,Bus times should be checked carefully.,f ash mn l-waqt / kayn l-kar,assets/audio/level05/day08/l05-d08-p04-normal.mp3,assets/audio/level05/day08/l05-d08-p04-slow.mp3,assets/images/lesson-scenes/level05/day08/l05-d08-p04-scene.webp,assets/video/level05/day08/l05-d08-p04-scene.mp4,DRAFT_WEB_RESEARCHED_NEEDS_NATIVE_AUDIO_QA
5,8,محطة الكار / CTM,5,L05-D08-P05,fin ghadi nrkeb?,فين غادي نركب؟,Where do I board?,You bought the ticket and need the bus.,Where do I board?,men lbab tlata,Large stations can be confusing.,fin / ghadi nrkeb,assets/audio/level05/day08/l05-d08-p05-normal.mp3,assets/audio/level05/day08/l05-d08-p05-slow.mp3,assets/images/lesson-scenes/level05/day08/l05-d08-p05-scene.webp,assets/video/level05/day08/l05-d08-p05-scene.mp4,DRAFT_WEB_RESEARCHED_NEEDS_NATIVE_AUDIO_QA
5,9,شراء تذكرة الكار,1,L05-D09-P01,bghit blasa qddam ila momkin,بغيت بلاصة قدام إلا ممكن,I want a front seat if possible.,You prefer a front seat on the bus.,I want a front seat if possible.,nshofo wach kayna,"Seat preferences are requests, not guarantees.",bghit blasa / qddam / ila momkin,assets/audio/level05/day09/l05-d09-p01-normal.mp3,assets/audio/level05/day09/l05-d09-p01-slow.mp3,assets/images/lesson-scenes/level05/day09/l05-d09-p01-scene.webp,assets/video/level05/day09/l05-d09-p01-scene.mp4,DRAFT_WEB_RESEARCHED_NEEDS_NATIVE_AUDIO_QA
5,9,شراء تذكرة الكار,2,L05-D09-P02,wach l-bagage mdkhol f-taman?,واش الباگاج مدخول فالثمن؟,Is luggage included in the price?,You have luggage.,Is luggage included in the price?,"ah, mdkhol","Baggage rules vary, so ask before boarding.",wach l-bagage / mdkhol / f-taman,assets/audio/level05/day09/l05-d09-p02-normal.mp3,assets/audio/level05/day09/l05-d09-p02-slow.mp3,assets/images/lesson-scenes/level05/day09/l05-d09-p02-scene.webp,assets/video/level05/day09/l05-d09-p02-scene.mp4,DRAFT_WEB_RESEARCHED_NEEDS_NATIVE_AUDIO_QA
5,9,شراء تذكرة الكار,3,L05-D09-P03,bghit ticket aller simple,بغيت تيكي ألي سامپل,I want a one-way ticket.,You do not need a return ticket.,I want a one-way ticket.,wakha,French ticket terms may be understood.,bghit ticket / aller simple,assets/audio/level05/day09/l05-d09-p03-normal.mp3,assets/audio/level05/day09/l05-d09-p03-slow.mp3,assets/images/lesson-scenes/level05/day09/l05-d09-p03-scene.webp,assets/video/level05/day09/l05-d09-p03-scene.mp4,DRAFT_WEB_RESEARCHED_NEEDS_NATIVE_AUDIO_QA
5,9,شراء تذكرة الكار,4,L05-D09-P04,wach n9der nbeddel l-waqt?,واش نقدر نبدل الوقت؟,Can I change the time?,You may need a different departure.,Can I change the time?,3la hsab ticket,Ask before paying if plans are uncertain.,wach n9der / nbeddel / l-waqt,assets/audio/level05/day09/l05-d09-p04-normal.mp3,assets/audio/level05/day09/l05-d09-p04-slow.mp3,assets/images/lesson-scenes/level05/day09/l05-d09-p04-scene.webp,assets/video/level05/day09/l05-d09-p04-scene.mp4,DRAFT_WEB_RESEARCHED_NEEDS_NATIVE_AUDIO_QA
5,9,شراء تذكرة الكار,5,L05-D09-P05,3tini l-ticket afak,عطيني التيكي عافاك,"Give me the ticket, please.",The purchase is almost complete.,"Give me the ticket, please.",ha howa,Keep the ticket accessible until boarding.,3tini / l-ticket / afak,assets/audio/level05/day09/l05-d09-p05-normal.mp3,assets/audio/level05/day09/l05-d09-p05-slow.mp3,assets/images/lesson-scenes/level05/day09/l05-d09-p05-scene.webp,assets/video/level05/day09/l05-d09-p05-scene.mp4,DRAFT_WEB_RESEARCHED_NEEDS_NATIVE_AUDIO_QA
5,10,الأمتعة في الكار,1,L05-D10-P01,fin nhet l-bagage?,فين نحط الباگاج؟,Where do I put the luggage?,You are near the bus with a suitcase.,Where do I put the luggage?,hoto t7t,Ask staff before loading luggage.,fin nhet / l-bagage,assets/audio/level05/day10/l05-d10-p01-normal.mp3,assets/audio/level05/day10/l05-d10-p01-slow.mp3,assets/images/lesson-scenes/level05/day10/l05-d10-p01-scene.webp,assets/video/level05/day10/l05-d10-p01-scene.mp4,DRAFT_WEB_RESEARCHED_NEEDS_NATIVE_AUDIO_QA
5,10,الأمتعة في الكار,2,L05-D10-P02,hadi shniti,هادي شنطتي,This is my bag.,You identify your luggage.,This is my bag.,wakha,Keep your luggage tag if given.,hadi / shniti,assets/audio/level05/day10/l05-d10-p02-normal.mp3,assets/audio/level05/day10/l05-d10-p02-slow.mp3,assets/images/lesson-scenes/level05/day10/l05-d10-p02-scene.webp,assets/video/level05/day10/l05-d10-p02-scene.mp4,DRAFT_WEB_RESEARCHED_NEEDS_NATIVE_AUDIO_QA
5,10,الأمتعة في الكار,3,L05-D10-P03,wach khasni ticket dyal l-bagage?,واش خاصني تيكي ديال الباگاج؟,Do I need a luggage ticket?,The staff labels bags.,Do I need a luggage ticket?,"ah, khod hadi",Some buses use luggage labels.,wach khasni / ticket / dyal l-bagage,assets/audio/level05/day10/l05-d10-p03-normal.mp3,assets/audio/level05/day10/l05-d10-p03-slow.mp3,assets/images/lesson-scenes/level05/day10/l05-d10-p03-scene.webp,assets/video/level05/day10/l05-d10-p03-scene.mp4,DRAFT_WEB_RESEARCHED_NEEDS_NATIVE_AUDIO_QA
5,10,الأمتعة في الكار,4,L05-D10-P04,nzel l-bagage hna afak,نزل الباگاج هنا عافاك,Please unload the luggage here.,You arrive and need your bag.,Please unload the luggage here.,wakha,Be polite but clear when retrieving bags.,nzel / l-bagage / hna afak,assets/audio/level05/day10/l05-d10-p04-normal.mp3,assets/audio/level05/day10/l05-d10-p04-slow.mp3,assets/images/lesson-scenes/level05/day10/l05-d10-p04-scene.webp,assets/video/level05/day10/l05-d10-p04-scene.mp4,DRAFT_WEB_RESEARCHED_NEEDS_NATIVE_AUDIO_QA
5,10,الأمتعة في الكار,5,L05-D10-P05,"shukran, hadi dyali",شكرا، هادي ديالي,"Thanks, this is mine.",You receive the bag.,"Thanks, this is mine.",bssaha,Confirm your bag before leaving.,shukran / hadi / dyali,assets/audio/level05/day10/l05-d10-p05-normal.mp3,assets/audio/level05/day10/l05-d10-p05-slow.mp3,assets/images/lesson-scenes/level05/day10/l05-d10-p05-scene.webp,assets/video/level05/day10/l05-d10-p05-scene.mp4,DRAFT_WEB_RESEARCHED_NEEDS_NATIVE_AUDIO_QA
5,11,الترام داخل المدينة,1,L05-D11-P01,fin kayna station dyal tram?,فين كاينة سطاسيون ديال الطرام؟,Where is the tram station?,You need the nearest tram stop.,Where is the tram station?,qrb l-centre,Tram stops are often called station.,fin kayna / station / dyal tram,assets/audio/level05/day11/l05-d11-p01-normal.mp3,assets/audio/level05/day11/l05-d11-p01-slow.mp3,assets/images/lesson-scenes/level05/day11/l05-d11-p01-scene.webp,assets/video/level05/day11/l05-d11-p01-scene.mp4,DRAFT_WEB_RESEARCHED_NEEDS_NATIVE_AUDIO_QA
5,11,الترام داخل المدينة,2,L05-D11-P02,wach hadi direction l-centre?,واش هادي ديركسيون للسنتر؟,Is this the direction to the center?,You are on the platform and need the right direction.,Is this the direction to the center?,"ah, hadi hiya",Always check direction before boarding.,wach hadi / direction / l-centre,assets/audio/level05/day11/l05-d11-p02-normal.mp3,assets/audio/level05/day11/l05-d11-p02-slow.mp3,assets/images/lesson-scenes/level05/day11/l05-d11-p02-scene.webp,assets/video/level05/day11/l05-d11-p02-scene.mp4,DRAFT_WEB_RESEARCHED_NEEDS_NATIVE_AUDIO_QA
5,11,الترام داخل المدينة,3,L05-D11-P03,fin n9ta3 ticket?,فين نقطع تيكي؟,Where do I buy a ticket?,You need a tram ticket.,Where do I buy a ticket?,men l-machine,Machines and kiosks are common in tram stations.,fin n9ta3 / ticket,assets/audio/level05/day11/l05-d11-p03-normal.mp3,assets/audio/level05/day11/l05-d11-p03-slow.mp3,assets/images/lesson-scenes/level05/day11/l05-d11-p03-scene.webp,assets/video/level05/day11/l05-d11-p03-scene.mp4,DRAFT_WEB_RESEARCHED_NEEDS_NATIVE_AUDIO_QA
5,11,الترام داخل المدينة,4,L05-D11-P04,khasni nvalidi ticket?,خاصني نڤاليدي التيكي؟,Do I need to validate the ticket?,You have a ticket or card.,Do I need to validate the ticket?,"ah, qbel matrekb",Validation rules matter in tram systems.,khasni / nvalidi / ticket,assets/audio/level05/day11/l05-d11-p04-normal.mp3,assets/audio/level05/day11/l05-d11-p04-slow.mp3,assets/images/lesson-scenes/level05/day11/l05-d11-p04-scene.webp,assets/video/level05/day11/l05-d11-p04-scene.mp4,DRAFT_WEB_RESEARCHED_NEEDS_NATIVE_AUDIO_QA
5,11,الترام داخل المدينة,5,L05-D11-P05,fin nhbet?,فين نهبط؟,Where do I get off?,You want the correct stop.,Where do I get off?,hbet f station jaya,Ask before missing your stop.,fin / nhbet,assets/audio/level05/day11/l05-d11-p05-normal.mp3,assets/audio/level05/day11/l05-d11-p05-slow.mp3,assets/images/lesson-scenes/level05/day11/l05-d11-p05-scene.webp,assets/video/level05/day11/l05-d11-p05-scene.mp4,DRAFT_WEB_RESEARCHED_NEEDS_NATIVE_AUDIO_QA
5,12,المطار والتحويل للمدينة,1,L05-D12-P01,fin kayn transport l-centre?,فين كاين ترانسبور للسنتر؟,Where is transport to the city center?,You arrive at the airport.,Where is transport to the city center?,barra 3la limen,Airport signs can be busy; ask staff if needed.,fin kayn / transport / l-centre,assets/audio/level05/day12/l05-d12-p01-normal.mp3,assets/audio/level05/day12/l05-d12-p01-slow.mp3,assets/images/lesson-scenes/level05/day12/l05-d12-p01-scene.webp,assets/video/level05/day12/l05-d12-p01-scene.mp4,DRAFT_WEB_RESEARCHED_NEEDS_NATIVE_AUDIO_QA
5,12,المطار والتحويل للمدينة,2,L05-D12-P02,wach kayn tren mn l-mtar?,واش كاين تران من المطار؟,Is there a train from the airport?,You want a train option.,Is there a train from the airport?,3la hsab l-mdina,Airport transport differs by city.,wach kayn / tren / mn l-mtar,assets/audio/level05/day12/l05-d12-p02-normal.mp3,assets/audio/level05/day12/l05-d12-p02-slow.mp3,assets/images/lesson-scenes/level05/day12/l05-d12-p02-scene.webp,assets/video/level05/day12/l05-d12-p02-scene.mp4,DRAFT_WEB_RESEARCHED_NEEDS_NATIVE_AUDIO_QA
5,12,المطار والتحويل للمدينة,3,L05-D12-P03,bshhal taxi l-centre?,بشحال طاكسي للسنتر؟,How much is a taxi to the center?,You compare options.,How much is a taxi to the center?,miya dirham,Confirm fare before entering if no meter or fixed rate.,bshhal / taxi / l-centre,assets/audio/level05/day12/l05-d12-p03-normal.mp3,assets/audio/level05/day12/l05-d12-p03-slow.mp3,assets/images/lesson-scenes/level05/day12/l05-d12-p03-scene.webp,assets/video/level05/day12/l05-d12-p03-scene.mp4,DRAFT_WEB_RESEARCHED_NEEDS_NATIVE_AUDIO_QA
5,12,المطار والتحويل للمدينة,4,L05-D12-P04,bghit nmshi l-hotel mn l-mtar,بغيت نمشي للأوطيل من المطار,I want to go to the hotel from the airport.,You tell the airport taxi your destination.,I want to go to the hotel from the airport.,fin kayn l-hotel?,Have hotel name and address ready.,bghit nmshi / l-hotel / mn l-mtar,assets/audio/level05/day12/l05-d12-p04-normal.mp3,assets/audio/level05/day12/l05-d12-p04-slow.mp3,assets/images/lesson-scenes/level05/day12/l05-d12-p04-scene.webp,assets/video/level05/day12/l05-d12-p04-scene.mp4,DRAFT_WEB_RESEARCHED_NEEDS_NATIVE_AUDIO_QA
5,12,المطار والتحويل للمدينة,5,L05-D12-P05,"safi, nkhdo taxi",صافي، ناخدو طاكسي,"Okay, we will take a taxi.",You decide after comparing.,"Okay, we will take a taxi.",yallah,Use safi to close the choice.,safi / nkhdo / taxi,assets/audio/level05/day12/l05-d12-p05-normal.mp3,assets/audio/level05/day12/l05-d12-p05-slow.mp3,assets/images/lesson-scenes/level05/day12/l05-d12-p05-scene.webp,assets/video/level05/day12/l05-d12-p05-scene.mp4,DRAFT_WEB_RESEARCHED_NEEDS_NATIVE_AUDIO_QA
5,13,من المحطة إلى الرياض,1,L05-D13-P01,bghit nmsi mn l-gar l-riad,بغيت نمشي من لاگار للرياض,I want to go from the station to the riad.,You exit the station with luggage.,I want to go from the station to the riad.,taksi kayn barra,Use origin and destination clearly.,bghit nmsi / mn l-gar / l-riad,assets/audio/level05/day13/l05-d13-p01-normal.mp3,assets/audio/level05/day13/l05-d13-p01-slow.mp3,assets/images/lesson-scenes/level05/day13/l05-d13-p01-scene.webp,assets/video/level05/day13/l05-d13-p01-scene.mp4,DRAFT_WEB_RESEARCHED_NEEDS_NATIVE_AUDIO_QA
5,13,من المحطة إلى الرياض,2,L05-D13-P02,wach qreb men hna?,واش قريب من هنا؟,Is it close from here?,You wonder if you can walk.,Is it close from here?,"la, khod taxi",Medina streets can be confusing with luggage.,wach qreb / men hna,assets/audio/level05/day13/l05-d13-p02-normal.mp3,assets/audio/level05/day13/l05-d13-p02-slow.mp3,assets/images/lesson-scenes/level05/day13/l05-d13-p02-scene.webp,assets/video/level05/day13/l05-d13-p02-scene.mp4,DRAFT_WEB_RESEARCHED_NEEDS_NATIVE_AUDIO_QA
5,13,من المحطة إلى الرياض,3,L05-D13-P03,wach n9der nmsi 3la rjli?,واش نقدر نمشي على رجلي؟,Can I walk?,You want to avoid taxi if nearby.,Can I walk?,"ila ma3ndksh bagage, ah",Walking may be possible but not with heavy bags.,wach n9der / nmsi / 3la rjli,assets/audio/level05/day13/l05-d13-p03-normal.mp3,assets/audio/level05/day13/l05-d13-p03-slow.mp3,assets/images/lesson-scenes/level05/day13/l05-d13-p03-scene.webp,assets/video/level05/day13/l05-d13-p03-scene.mp4,DRAFT_WEB_RESEARCHED_NEEDS_NATIVE_AUDIO_QA
5,13,من المحطة إلى الرياض,4,L05-D13-P04,"3ndi bagage, shno l-ahsan?",عندي باگاج، شنو الأحسن؟,I have luggage; what is best?,You ask advice with bags.,I have luggage; what is best?,khod taxi sghir,Mention luggage because it changes the best option.,3ndi bagage / shno l-ahsan,assets/audio/level05/day13/l05-d13-p04-normal.mp3,assets/audio/level05/day13/l05-d13-p04-slow.mp3,assets/images/lesson-scenes/level05/day13/l05-d13-p04-scene.webp,assets/video/level05/day13/l05-d13-p04-scene.mp4,DRAFT_WEB_RESEARCHED_NEEDS_NATIVE_AUDIO_QA
5,13,من المحطة إلى الرياض,5,L05-D13-P05,wasalni l-bab dyal riad afak,وصلني للباب ديال الرياض عافاك,"Take me to the riad door, please.",You need door to door help.,"Take me to the riad door, please.",ila kayn tariq,Some medina streets may be pedestrian only.,wasalni / l-bab / dyal riad afak,assets/audio/level05/day13/l05-d13-p05-normal.mp3,assets/audio/level05/day13/l05-d13-p05-slow.mp3,assets/images/lesson-scenes/level05/day13/l05-d13-p05-scene.webp,assets/video/level05/day13/l05-d13-p05-scene.mp4,DRAFT_WEB_RESEARCHED_NEEDS_NATIVE_AUDIO_QA
5,14,السؤال عن الطريق قرب المحطة,1,L05-D14-P01,fin kayn l-bab lkbir?,فين كاين الباب الكبير؟,Where is the main exit?,You are inside a station.,Where is the main exit?,men hna nishan,Station exits can be confusing.,fin kayn / l-bab lkbir,assets/audio/level05/day14/l05-d14-p01-normal.mp3,assets/audio/level05/day14/l05-d14-p01-slow.mp3,assets/images/lesson-scenes/level05/day14/l05-d14-p01-scene.webp,assets/video/level05/day14/l05-d14-p01-scene.mp4,DRAFT_WEB_RESEARCHED_NEEDS_NATIVE_AUDIO_QA
5,14,السؤال عن الطريق قرب المحطة,2,L05-D14-P02,fin kayn l-parking?,فين كاين الپاركينگ؟,Where is the parking?,You are meeting a driver.,Where is the parking?,taht / barra,Parking areas can have multiple levels.,fin kayn / l-parking,assets/audio/level05/day14/l05-d14-p02-normal.mp3,assets/audio/level05/day14/l05-d14-p02-slow.mp3,assets/images/lesson-scenes/level05/day14/l05-d14-p02-scene.webp,assets/video/level05/day14/l05-d14-p02-scene.mp4,DRAFT_WEB_RESEARCHED_NEEDS_NATIVE_AUDIO_QA
5,14,السؤال عن الطريق قرب المحطة,3,L05-D14-P03,wach kayn distributeur qrb?,واش كاين ديستريبيتور قرب؟,Is there an ATM nearby?,You need cash for transport.,Is there an ATM nearby?,"ah, hda l-bab",Cash is useful for taxis and small transport.,wach kayn / distributeur / qrb,assets/audio/level05/day14/l05-d14-p03-normal.mp3,assets/audio/level05/day14/l05-d14-p03-slow.mp3,assets/images/lesson-scenes/level05/day14/l05-d14-p03-scene.webp,assets/video/level05/day14/l05-d14-p03-scene.mp4,DRAFT_WEB_RESEARCHED_NEEDS_NATIVE_AUDIO_QA
5,14,السؤال عن الطريق قرب المحطة,4,L05-D14-P04,"3afak, 3awd lia bshwiya",عافاك، عاود ليا بشوية,Please repeat slowly for me.,The directions were too fast.,Please repeat slowly for me.,wakha,This phrase prevents panic when you miss details.,3afak / 3awd lia / bshwiya,assets/audio/level05/day14/l05-d14-p04-normal.mp3,assets/audio/level05/day14/l05-d14-p04-slow.mp3,assets/images/lesson-scenes/level05/day14/l05-d14-p04-scene.webp,assets/video/level05/day14/l05-d14-p04-scene.mp4,DRAFT_WEB_RESEARCHED_NEEDS_NATIVE_AUDIO_QA
5,14,السؤال عن الطريق قرب المحطة,5,L05-D14-P05,"fhemt, shukran bzaf",فهمت، شكرا بزاف,"I understand, thank you very much.",You understood the directions.,"I understand, thank you very much.",la shukr 3la wajib,Thanking people encourages helpful interactions.,fhemt / shukran bzaf,assets/audio/level05/day14/l05-d14-p05-normal.mp3,assets/audio/level05/day14/l05-d14-p05-slow.mp3,assets/images/lesson-scenes/level05/day14/l05-d14-p05-scene.webp,assets/video/level05/day14/l05-d14-p05-scene.mp4,DRAFT_WEB_RESEARCHED_NEEDS_NATIVE_AUDIO_QA
5,15,ربط القطار بالطاكسي,1,L05-D15-P01,"mn b3d l-tren, khasni taxi",من بعد التران، خاصني طاكسي,"After the train, I need a taxi.",You plan after arrival.,"After the train, I need a taxi.",kaynin taxis barra,Planning transfers reduces stress.,mn b3d l-tren / khasni taxi,assets/audio/level05/day15/l05-d15-p01-normal.mp3,assets/audio/level05/day15/l05-d15-p01-slow.mp3,assets/images/lesson-scenes/level05/day15/l05-d15-p01-scene.webp,assets/video/level05/day15/l05-d15-p01-scene.mp4,DRAFT_WEB_RESEARCHED_NEEDS_NATIVE_AUDIO_QA
5,15,ربط القطار بالطاكسي,2,L05-D15-P02,wach taxis kaynin f-lkharij?,واش طاكسيات كاينين فالخارج؟,Are taxis outside?,You arrive at station.,Are taxis outside?,ah barra 3la limen,Taxi areas are often outside the station.,wach taxis / kaynin / f-lkharij,assets/audio/level05/day15/l05-d15-p02-normal.mp3,assets/audio/level05/day15/l05-d15-p02-slow.mp3,assets/images/lesson-scenes/level05/day15/l05-d15-p02-scene.webp,assets/video/level05/day15/l05-d15-p02-scene.mp4,DRAFT_WEB_RESEARCHED_NEEDS_NATIVE_AUDIO_QA
5,15,ربط القطار بالطاكسي,3,L05-D15-P03,bghit nmshi l-medina l-qadima,بغيت نمشي للمدينة القديمة,I want to go to the old medina.,You tell taxi destination.,I want to go to the old medina.,"wah, tal3",Medina gates can be better destinations than exact lanes.,bghit nmshi / l-medina l-qadima,assets/audio/level05/day15/l05-d15-p03-normal.mp3,assets/audio/level05/day15/l05-d15-p03-slow.mp3,assets/images/lesson-scenes/level05/day15/l05-d15-p03-scene.webp,assets/video/level05/day15/l05-d15-p03-scene.mp4,DRAFT_WEB_RESEARCHED_NEEDS_NATIVE_AUDIO_QA
5,15,ربط القطار بالطاكسي,4,L05-D15-P04,nzelni 3nd bab l-medina,نزلني عند باب المدينة,Drop me at the medina gate.,You need a practical drop off point.,Drop me at the medina gate.,wakha,Taxis may not enter some medina streets.,nzelni / 3nd bab / l-medina,assets/audio/level05/day15/l05-d15-p04-normal.mp3,assets/audio/level05/day15/l05-d15-p04-slow.mp3,assets/images/lesson-scenes/level05/day15/l05-d15-p04-scene.webp,assets/video/level05/day15/l05-d15-p04-scene.mp4,DRAFT_WEB_RESEARCHED_NEEDS_NATIVE_AUDIO_QA
5,15,ربط القطار بالطاكسي,5,L05-D15-P05,men hna ghadi nmsi 3la rjli,من هنا غادي نمشي على رجلي,From here I will walk.,You continue on foot.,From here I will walk.,treq salama,Combining taxi and walking is normal in old medinas.,men hna / ghadi nmsi / 3la rjli,assets/audio/level05/day15/l05-d15-p05-normal.mp3,assets/audio/level05/day15/l05-d15-p05-slow.mp3,assets/images/lesson-scenes/level05/day15/l05-d15-p05-scene.webp,assets/video/level05/day15/l05-d15-p05-scene.mp4,DRAFT_WEB_RESEARCHED_NEEDS_NATIVE_AUDIO_QA
5,16,تخطيط رحلة بين مدينتين,1,L05-D16-P01,bghit nmsi mn marrakech l-fes,بغيت نمشي من مراكش لفاس,I want to go from Marrakech to Fes.,You ask about a long route.,I want to go from Marrakech to Fes.,kayn tren wla kar,Use from to structure for planning.,bghit nmsi / mn marrakech / l-fes,assets/audio/level05/day16/l05-d16-p01-normal.mp3,assets/audio/level05/day16/l05-d16-p01-slow.mp3,assets/images/lesson-scenes/level05/day16/l05-d16-p01-scene.webp,assets/video/level05/day16/l05-d16-p01-scene.mp4,DRAFT_WEB_RESEARCHED_NEEDS_NATIVE_AUDIO_QA
5,16,تخطيط رحلة بين مدينتين,2,L05-D16-P02,"shno l-ahsan, tren wla kar?",شنو الأحسن، تران ولا كار؟,"What is better, train or bus?",You compare intercity options.,"What is better, train or bus?","tren mryeh, kar rkhis","Choice depends on comfort, cost, and route.",shno l-ahsan / tren wla kar,assets/audio/level05/day16/l05-d16-p02-normal.mp3,assets/audio/level05/day16/l05-d16-p02-slow.mp3,assets/images/lesson-scenes/level05/day16/l05-d16-p02-scene.webp,assets/video/level05/day16/l05-d16-p02-scene.mp4,DRAFT_WEB_RESEARCHED_NEEDS_NATIVE_AUDIO_QA
5,16,تخطيط رحلة بين مدينتين,3,L05-D16-P03,shhal dyal l-waqt?,شحال ديال الوقت؟,How many hours?,You need trip duration.,How many hours?,shi rb3a sa3at,Trip durations may vary by route and stops.,shhal / dyal l-waqt,assets/audio/level05/day16/l05-d16-p03-normal.mp3,assets/audio/level05/day16/l05-d16-p03-slow.mp3,assets/images/lesson-scenes/level05/day16/l05-d16-p03-scene.webp,assets/video/level05/day16/l05-d16-p03-scene.mp4,DRAFT_WEB_RESEARCHED_NEEDS_NATIVE_AUDIO_QA
5,16,تخطيط رحلة بين مدينتين,4,L05-D16-P04,wach khasni reservation?,واش خاصني ريزيرفاسيون؟,Do I need a reservation?,You ask if booking is needed.,Do I need a reservation?,ah f saison khir,Booking ahead helps in busy seasons.,wach khasni / reservation,assets/audio/level05/day16/l05-d16-p04-normal.mp3,assets/audio/level05/day16/l05-d16-p04-slow.mp3,assets/images/lesson-scenes/level05/day16/l05-d16-p04-scene.webp,assets/video/level05/day16/l05-d16-p04-scene.mp4,DRAFT_WEB_RESEARCHED_NEEDS_NATIVE_AUDIO_QA
5,16,تخطيط رحلة بين مدينتين,5,L05-D16-P05,khir ndirha daba,خير نديرها دابا,Better I do it now.,You decide to book now.,Better I do it now.,mzyan,Make the decision while information is clear.,khir / ndirha / daba,assets/audio/level05/day16/l05-d16-p05-normal.mp3,assets/audio/level05/day16/l05-d16-p05-slow.mp3,assets/images/lesson-scenes/level05/day16/l05-d16-p05-scene.webp,assets/video/level05/day16/l05-d16-p05-scene.mp4,DRAFT_WEB_RESEARCHED_NEEDS_NATIVE_AUDIO_QA
5,17,آداب الطاكسي المشترك,1,L05-D17-P01,wach hadi blasa khawya?,واش هادي بلاصة خاوية؟,Is this seat empty?,You approach a shared taxi.,Is this seat empty?,"ah, tfddel",Ask before sitting in shared transport.,wach hadi / blasa / khawya,assets/audio/level05/day17/l05-d17-p01-normal.mp3,assets/audio/level05/day17/l05-d17-p01-slow.mp3,assets/images/lesson-scenes/level05/day17/l05-d17-p01-scene.webp,assets/video/level05/day17/l05-d17-p01-scene.mp4,DRAFT_WEB_RESEARCHED_NEEDS_NATIVE_AUDIO_QA
5,17,آداب الطاكسي المشترك,2,L05-D17-P02,nqder njles hna?,نقدر نجلس هنا؟,Can I sit here?,You want permission to sit.,Can I sit here?,"ah, mrhba",Politeness matters in close shared spaces.,nqder / njles / hna,assets/audio/level05/day17/l05-d17-p02-normal.mp3,assets/audio/level05/day17/l05-d17-p02-slow.mp3,assets/images/lesson-scenes/level05/day17/l05-d17-p02-scene.webp,assets/video/level05/day17/l05-d17-p02-scene.mp4,DRAFT_WEB_RESEARCHED_NEEDS_NATIVE_AUDIO_QA
5,17,آداب الطاكسي المشترك,3,L05-D17-P03,"3afak, shwiya l-janb",عافاك، شوية للجنب,"Please, a little to the side.",You need space politely.,"Please, a little to the side.",smah lia,Use soft language; shared transport is tight.,3afak / shwiya / l-janb,assets/audio/level05/day17/l05-d17-p03-normal.mp3,assets/audio/level05/day17/l05-d17-p03-slow.mp3,assets/images/lesson-scenes/level05/day17/l05-d17-p03-scene.webp,assets/video/level05/day17/l05-d17-p03-scene.mp4,DRAFT_WEB_RESEARCHED_NEEDS_NATIVE_AUDIO_QA
5,17,آداب الطاكسي المشترك,4,L05-D17-P04,ma bghitsh nz3jkom,ما بغيتش نزعجكم,I do not want to bother you.,You are moving luggage or sitting.,I do not want to bother you.,la 3adi,This phrase is culturally soft and respectful.,ma bghitsh / nz3jkom,assets/audio/level05/day17/l05-d17-p04-normal.mp3,assets/audio/level05/day17/l05-d17-p04-slow.mp3,assets/images/lesson-scenes/level05/day17/l05-d17-p04-scene.webp,assets/video/level05/day17/l05-d17-p04-scene.mp4,DRAFT_WEB_RESEARCHED_NEEDS_NATIVE_AUDIO_QA
5,17,آداب الطاكسي المشترك,5,L05-D17-P05,baraka 3lia hna,باراكا عليا هنا,This is enough for me here.,You want to stop or sit comfortably.,This is enough for me here.,wakha,Baraka 3lia can mean enough for me.,baraka 3lia / hna,assets/audio/level05/day17/l05-d17-p05-normal.mp3,assets/audio/level05/day17/l05-d17-p05-slow.mp3,assets/images/lesson-scenes/level05/day17/l05-d17-p05-scene.webp,assets/video/level05/day17/l05-d17-p05-scene.mp4,DRAFT_WEB_RESEARCHED_NEEDS_NATIVE_AUDIO_QA
5,18,تأكيد الوجهة مع السائق,1,L05-D18-P01,"sma7 lia, wach fhemt lblasa?",سمح ليا، واش فهمت البلاصة؟,"Excuse me, did you understand the place?",You worry the driver may not know the place.,"Excuse me, did you understand the place?","ah, fhemt",Better to confirm early than fix later.,sma7 lia / wach fhemt / lblasa,assets/audio/level05/day18/l05-d18-p01-normal.mp3,assets/audio/level05/day18/l05-d18-p01-slow.mp3,assets/images/lesson-scenes/level05/day18/l05-d18-p01-scene.webp,assets/video/level05/day18/l05-d18-p01-scene.mp4,DRAFT_WEB_RESEARCHED_NEEDS_NATIVE_AUDIO_QA
5,18,تأكيد الوجهة مع السائق,2,L05-D18-P02,nwrik f-telephone,نوريك فالتيليفون,I will show you on the phone.,You show map or location.,I will show you on the phone.,warini,Maps help when names are hard.,nwrik / f-telephone,assets/audio/level05/day18/l05-d18-p02-normal.mp3,assets/audio/level05/day18/l05-d18-p02-slow.mp3,assets/images/lesson-scenes/level05/day18/l05-d18-p02-scene.webp,assets/video/level05/day18/l05-d18-p02-scene.mp4,DRAFT_WEB_RESEARCHED_NEEDS_NATIVE_AUDIO_QA
5,18,تأكيد الوجهة مع السائق,3,L05-D18-P03,hadi hiya l-address,هادي هيّا لأدريس,This is the address.,You show the exact address.,This is the address.,"ah, daba 3reft",Use phone screen and simple words.,hadi hiya / l-address,assets/audio/level05/day18/l05-d18-p03-normal.mp3,assets/audio/level05/day18/l05-d18-p03-slow.mp3,assets/images/lesson-scenes/level05/day18/l05-d18-p03-scene.webp,assets/video/level05/day18/l05-d18-p03-scene.mp4,DRAFT_WEB_RESEARCHED_NEEDS_NATIVE_AUDIO_QA
5,18,تأكيد الوجهة مع السائق,4,L05-D18-P04,"ila kant mushkil, gol lia",إلا كانت مشكل، گول ليا,"If there is a problem, tell me.",You want the driver to tell you if confused.,"If there is a problem, tell me.",wakha,Encourage clarification before problems.,ila kant mushkil / gol lia,assets/audio/level05/day18/l05-d18-p04-normal.mp3,assets/audio/level05/day18/l05-d18-p04-slow.mp3,assets/images/lesson-scenes/level05/day18/l05-d18-p04-scene.webp,assets/video/level05/day18/l05-d18-p04-scene.mp4,DRAFT_WEB_RESEARCHED_NEEDS_NATIVE_AUDIO_QA
5,18,تأكيد الوجهة مع السائق,5,L05-D18-P05,"safi, tawkelna 3la lah",صافي، توكلنا على الله,"Okay, let us go.",The destination is confirmed.,"Okay, let us go.",yallah,This is natural after agreement.,safi / tawkelna 3la lah,assets/audio/level05/day18/l05-d18-p05-normal.mp3,assets/audio/level05/day18/l05-d18-p05-slow.mp3,assets/images/lesson-scenes/level05/day18/l05-d18-p05-scene.webp,assets/video/level05/day18/l05-d18-p05-scene.mp4,DRAFT_WEB_RESEARCHED_NEEDS_NATIVE_AUDIO_QA
5,19,الطريق الغلط أو النزول الغلط,1,L05-D19-P01,ban lia machi hadi tariq,بان ليا ماشي هادي طريق,I think this is not the route.,You suspect the wrong direction.,I think this is not the route.,"la, ghadi ndoro",Ban lia sounds less accusatory.,ban lia / machi hadi tariq,assets/audio/level05/day19/l05-d19-p01-normal.mp3,assets/audio/level05/day19/l05-d19-p01-slow.mp3,assets/images/lesson-scenes/level05/day19/l05-d19-p01-scene.webp,assets/video/level05/day19/l05-d19-p01-scene.mp4,DRAFT_WEB_RESEARCHED_NEEDS_NATIVE_AUDIO_QA
5,19,الطريق الغلط أو النزول الغلط,2,L05-D19-P02,"sma7 lia, kan khasni nhbet qbel",سمح ليا، كان خاصني نهبط قبل,"Excuse me, I should have got off earlier.",You missed your stop.,"Excuse me, I should have got off earlier.",ma 3lich,Stay calm and explain simply.,sma7 lia / kan khasni / nhbet qbel,assets/audio/level05/day19/l05-d19-p02-normal.mp3,assets/audio/level05/day19/l05-d19-p02-slow.mp3,assets/images/lesson-scenes/level05/day19/l05-d19-p02-scene.webp,assets/video/level05/day19/l05-d19-p02-scene.mp4,DRAFT_WEB_RESEARCHED_NEEDS_NATIVE_AUDIO_QA
5,19,الطريق الغلط أو النزول الغلط,3,L05-D19-P03,wach n9der nrje3 mn hna?,واش نقدر نرجع من هنا؟,Can I go back from here?,You need to return.,Can I go back from here?,"ah, khod tram l-jiha lokhra",Ask for the recovery route.,wach n9der / nrje3 / mn hna,assets/audio/level05/day19/l05-d19-p03-normal.mp3,assets/audio/level05/day19/l05-d19-p03-slow.mp3,assets/images/lesson-scenes/level05/day19/l05-d19-p03-scene.webp,assets/video/level05/day19/l05-d19-p03-scene.mp4,DRAFT_WEB_RESEARCHED_NEEDS_NATIVE_AUDIO_QA
5,19,الطريق الغلط أو النزول الغلط,4,L05-D19-P04,fin aqrab stop?,فين أقرب ستوب؟,Where is the nearest stop?,You need the nearest stop or station.,Where is the nearest stop?,qdam shwiya,Use aqrab for nearest.,fin / aqrab stop,assets/audio/level05/day19/l05-d19-p04-normal.mp3,assets/audio/level05/day19/l05-d19-p04-slow.mp3,assets/images/lesson-scenes/level05/day19/l05-d19-p04-scene.webp,assets/video/level05/day19/l05-d19-p04-scene.mp4,DRAFT_WEB_RESEARCHED_NEEDS_NATIVE_AUDIO_QA
5,19,الطريق الغلط أو النزول الغلط,5,L05-D19-P05,"mashi mushkil, shukran",ماشي مشكل، شكرا,"No problem, thank you.",You accept the mistake and continue.,"No problem, thank you.",lah y3awnk,A calm tone helps in travel mistakes.,mashi mushkil / shukran,assets/audio/level05/day19/l05-d19-p05-normal.mp3,assets/audio/level05/day19/l05-d19-p05-slow.mp3,assets/images/lesson-scenes/level05/day19/l05-d19-p05-scene.webp,assets/video/level05/day19/l05-d19-p05-scene.mp4,DRAFT_WEB_RESEARCHED_NEEDS_NATIVE_AUDIO_QA
5,20,السفر مع الأمتعة,1,L05-D20-P01,3ndi shnita kbira,عندي شنيطة كبيرة,I have a big suitcase.,You need help or space.,I have a big suitcase.,wakha,Mention luggage before choosing transport.,3ndi / shnita kbira,assets/audio/level05/day20/l05-d20-p01-normal.mp3,assets/audio/level05/day20/l05-d20-p01-slow.mp3,assets/images/lesson-scenes/level05/day20/l05-d20-p01-scene.webp,assets/video/level05/day20/l05-d20-p01-scene.mp4,DRAFT_WEB_RESEARCHED_NEEDS_NATIVE_AUDIO_QA
5,20,السفر مع الأمتعة,2,L05-D20-P02,wach kayn blasa l-shnita?,واش كاين بلاصة للشنيطة؟,Is there space for the suitcase?,You ask before boarding.,Is there space for the suitcase?,ah kayna,Some taxis and trams are difficult with big bags.,wach kayn / blasa / l-shnita,assets/audio/level05/day20/l05-d20-p02-normal.mp3,assets/audio/level05/day20/l05-d20-p02-slow.mp3,assets/images/lesson-scenes/level05/day20/l05-d20-p02-scene.webp,assets/video/level05/day20/l05-d20-p02-scene.mp4,DRAFT_WEB_RESEARCHED_NEEDS_NATIVE_AUDIO_QA
5,20,السفر مع الأمتعة,3,L05-D20-P03,3awnni ntle3ha afak,عاونني نطلعها عافاك,"Help me lift it, please.",You need help with luggage.,"Help me lift it, please.",wakha,Ask politely; many people will help.,3awnni / ntle3ha / afak,assets/audio/level05/day20/l05-d20-p03-normal.mp3,assets/audio/level05/day20/l05-d20-p03-slow.mp3,assets/images/lesson-scenes/level05/day20/l05-d20-p03-scene.webp,assets/video/level05/day20/l05-d20-p03-scene.mp4,DRAFT_WEB_RESEARCHED_NEEDS_NATIVE_AUDIO_QA
5,20,السفر مع الأمتعة,4,L05-D20-P04,khlliha hna?,خليها هنا؟,Should I leave it here?,You ask where to place luggage.,Should I leave it here?,ah hna mezian,Ask before blocking passage.,khlliha / hna,assets/audio/level05/day20/l05-d20-p04-normal.mp3,assets/audio/level05/day20/l05-d20-p04-slow.mp3,assets/images/lesson-scenes/level05/day20/l05-d20-p04-scene.webp,assets/video/level05/day20/l05-d20-p04-scene.mp4,DRAFT_WEB_RESEARCHED_NEEDS_NATIVE_AUDIO_QA
5,20,السفر مع الأمتعة,5,L05-D20-P05,radd balk 3la shniti afak,رد بالك على شنيطتي عافاك,Please watch my suitcase.,You need someone to watch your bag briefly.,Please watch my suitcase.,"wakha, ghir sir",Use this only with trusted people or staff.,radd balk / 3la shniti / afak,assets/audio/level05/day20/l05-d20-p05-normal.mp3,assets/audio/level05/day20/l05-d20-p05-slow.mp3,assets/images/lesson-scenes/level05/day20/l05-d20-p05-scene.webp,assets/video/level05/day20/l05-d20-p05-scene.mp4,DRAFT_WEB_RESEARCHED_NEEDS_NATIVE_AUDIO_QA
5,21,التنقل ليلًا بأمان,1,L05-D21-P01,wach had tariq amn b-llil?,واش هاد طريق آمن بالليل؟,Is this route safe at night?,You ask hotel staff before leaving.,Is this route safe at night?,"la, khod taxi",Ask locals at night; safety first.,wach had tariq / amn / b-llil,assets/audio/level05/day21/l05-d21-p01-normal.mp3,assets/audio/level05/day21/l05-d21-p01-slow.mp3,assets/images/lesson-scenes/level05/day21/l05-d21-p01-scene.webp,assets/video/level05/day21/l05-d21-p01-scene.mp4,DRAFT_WEB_RESEARCHED_NEEDS_NATIVE_AUDIO_QA
5,21,التنقل ليلًا بأمان,2,L05-D21-P02,bghit taxi mdamn,بغيت طاكسي مضمون,I want a reliable taxi.,You need safe night transport.,I want a reliable taxi.,ghadi n3yt lik,A host can call a trusted driver.,bghit taxi / mdamn,assets/audio/level05/day21/l05-d21-p02-normal.mp3,assets/audio/level05/day21/l05-d21-p02-slow.mp3,assets/images/lesson-scenes/level05/day21/l05-d21-p02-scene.webp,assets/video/level05/day21/l05-d21-p02-scene.mp4,DRAFT_WEB_RESEARCHED_NEEDS_NATIVE_AUDIO_QA
5,21,التنقل ليلًا بأمان,3,L05-D21-P03,ma bghitsh nmsi 3la rjli b-llil,ما بغيتش نمشي على رجلي بالليل,I do not want to walk at night.,You prefer a taxi at night.,I do not want to walk at night.,ah khir,Clear preferences help people advise you.,ma bghitsh / nmsi 3la rjli / b-llil,assets/audio/level05/day21/l05-d21-p03-normal.mp3,assets/audio/level05/day21/l05-d21-p03-slow.mp3,assets/images/lesson-scenes/level05/day21/l05-d21-p03-scene.webp,assets/video/level05/day21/l05-d21-p03-scene.mp4,DRAFT_WEB_RESEARCHED_NEEDS_NATIVE_AUDIO_QA
5,21,التنقل ليلًا بأمان,4,L05-D21-P04,3yt lia taxi afak,عيط ليا طاكسي عافاك,"Call me a taxi, please.",You ask a host or restaurant to call a taxi.,"Call me a taxi, please.",wakha,This is practical in hotels and restaurants.,3yt lia / taxi / afak,assets/audio/level05/day21/l05-d21-p04-normal.mp3,assets/audio/level05/day21/l05-d21-p04-slow.mp3,assets/images/lesson-scenes/level05/day21/l05-d21-p04-scene.webp,assets/video/level05/day21/l05-d21-p04-scene.mp4,DRAFT_WEB_RESEARCHED_NEEDS_NATIVE_AUDIO_QA
5,21,التنقل ليلًا بأمان,5,L05-D21-P05,ghadi ntsenna hna,غادي نتسنى هنا,I will wait here.,You wait in a safe place.,I will wait here.,mzyan,Wait inside or near staff when possible.,ghadi ntsenna / hna,assets/audio/level05/day21/l05-d21-p05-normal.mp3,assets/audio/level05/day21/l05-d21-p05-slow.mp3,assets/images/lesson-scenes/level05/day21/l05-d21-p05-scene.webp,assets/video/level05/day21/l05-d21-p05-scene.mp4,DRAFT_WEB_RESEARCHED_NEEDS_NATIVE_AUDIO_QA
5,22,السفر مع صديق أو العائلة,1,L05-D22-P01,hna jouj,حنا جوج,We are two people.,You buy tickets for two.,We are two people.,jouj tickets?,Numbers matter for tickets and taxis.,hna / jouj,assets/audio/level05/day22/l05-d22-p01-normal.mp3,assets/audio/level05/day22/l05-d22-p01-slow.mp3,assets/images/lesson-scenes/level05/day22/l05-d22-p01-scene.webp,assets/video/level05/day22/l05-d22-p01-scene.mp4,DRAFT_WEB_RESEARCHED_NEEDS_NATIVE_AUDIO_QA
5,22,السفر مع صديق أو العائلة,2,L05-D22-P02,bghina blays hda b3diyatna,بغينا بلايص حدا بعضياتنا,We want seats next to each other.,You want adjacent seats.,We want seats next to each other.,nshofo wach kaynin,Ask early for seats together.,bghina blays / hda b3diyatna,assets/audio/level05/day22/l05-d22-p02-normal.mp3,assets/audio/level05/day22/l05-d22-p02-slow.mp3,assets/images/lesson-scenes/level05/day22/l05-d22-p02-scene.webp,assets/video/level05/day22/l05-d22-p02-scene.mp4,DRAFT_WEB_RESEARCHED_NEEDS_NATIVE_AUDIO_QA
5,22,السفر مع صديق أو العائلة,3,L05-D22-P03,3ndna walid sghir,عندنا وليد صغير,We have a small child.,You need family consideration.,We have a small child.,"wakha, khodo qddam",Mentioning a child helps with seating and space.,3ndna / walid sghir,assets/audio/level05/day22/l05-d22-p03-normal.mp3,assets/audio/level05/day22/l05-d22-p03-slow.mp3,assets/images/lesson-scenes/level05/day22/l05-d22-p03-scene.webp,assets/video/level05/day22/l05-d22-p03-scene.mp4,DRAFT_WEB_RESEARCHED_NEEDS_NATIVE_AUDIO_QA
5,22,السفر مع صديق أو العائلة,4,L05-D22-P04,nqdero nrkbo kamlin?,نقدرو نركبو كاملين؟,Can we all ride together?,You need vehicle space for a group.,Can we all ride together?,"ila taxi kbir, ah",Vehicle type matters for groups.,nqdero / nrkbo / kamlin,assets/audio/level05/day22/l05-d22-p04-normal.mp3,assets/audio/level05/day22/l05-d22-p04-slow.mp3,assets/images/lesson-scenes/level05/day22/l05-d22-p04-scene.webp,assets/video/level05/day22/l05-d22-p04-scene.mp4,DRAFT_WEB_RESEARCHED_NEEDS_NATIVE_AUDIO_QA
5,22,السفر مع صديق أو العائلة,5,L05-D22-P05,khllina m3a b3diyatna afak,خلينا مع بعضياتنا عافاك,Please keep us together.,You request not to split the group.,Please keep us together.,wakha,Polite group requests are normal.,khllina / m3a b3diyatna / afak,assets/audio/level05/day22/l05-d22-p05-normal.mp3,assets/audio/level05/day22/l05-d22-p05-slow.mp3,assets/images/lesson-scenes/level05/day22/l05-d22-p05-scene.webp,assets/video/level05/day22/l05-d22-p05-scene.mp4,DRAFT_WEB_RESEARCHED_NEEDS_NATIVE_AUDIO_QA
5,23,التوقف والاستراحة في الطريق,1,L05-D23-P01,wach ghadi nوقفو f-tariq?,واش غادي نوقفو فالطريق؟,Will we stop on the way?,You are on a bus or long taxi trip.,Will we stop on the way?,ah f nos tariq,Long trips often have rest stops.,wach ghadi / nوقفو / f-tariq,assets/audio/level05/day23/l05-d23-p01-normal.mp3,assets/audio/level05/day23/l05-d23-p01-slow.mp3,assets/images/lesson-scenes/level05/day23/l05-d23-p01-scene.webp,assets/video/level05/day23/l05-d23-p01-scene.mp4,DRAFT_WEB_RESEARCHED_NEEDS_NATIVE_AUDIO_QA
5,23,التوقف والاستراحة في الطريق,2,L05-D23-P02,fin kayna l-wqfa?,فين كاينة الوقفة؟,Where is the stop?,You need the stop place.,Where is the stop?,f station jaya,Wqfa can mean a stop.,fin kayna / l-wqfa,assets/audio/level05/day23/l05-d23-p02-normal.mp3,assets/audio/level05/day23/l05-d23-p02-slow.mp3,assets/images/lesson-scenes/level05/day23/l05-d23-p02-scene.webp,assets/video/level05/day23/l05-d23-p02-scene.mp4,DRAFT_WEB_RESEARCHED_NEEDS_NATIVE_AUDIO_QA
5,23,التوقف والاستراحة في الطريق,3,L05-D23-P03,shhal ghadi nوقفو?,شحال غادي نوقفو؟,How long will we stop?,You need restroom or food time.,How long will we stop?,3shr d-qayeq,Know the stop time so you do not miss departure.,shhal / ghadi nوقفو,assets/audio/level05/day23/l05-d23-p03-normal.mp3,assets/audio/level05/day23/l05-d23-p03-slow.mp3,assets/images/lesson-scenes/level05/day23/l05-d23-p03-scene.webp,assets/video/level05/day23/l05-d23-p03-scene.mp4,DRAFT_WEB_RESEARCHED_NEEDS_NATIVE_AUDIO_QA
5,23,التوقف والاستراحة في الطريق,4,L05-D23-P04,bghit nmshi l-toilet b-sur3a,بغيت نمشي للطواليت بسرعة,I want to go to the toilet quickly.,At a rest stop.,I want to go to the toilet quickly.,"sir, rja3 bzzaf",Return quickly; buses may leave on time.,bghit nmshi / l-toilet / b-sur3a,assets/audio/level05/day23/l05-d23-p04-normal.mp3,assets/audio/level05/day23/l05-d23-p04-slow.mp3,assets/images/lesson-scenes/level05/day23/l05-d23-p04-scene.webp,assets/video/level05/day23/l05-d23-p04-scene.mp4,DRAFT_WEB_RESEARCHED_NEEDS_NATIVE_AUDIO_QA
5,23,التوقف والاستراحة في الطريق,5,L05-D23-P05,ma tmshiwsh bla bia afak,ما تمشيوش بلا بيا عافاك,Please do not leave without me.,You worry the group or bus leaves.,Please do not leave without me.,"wakha, sr3",Useful in group travel or with a driver.,ma tmshiwsh / bla bia / afak,assets/audio/level05/day23/l05-d23-p05-normal.mp3,assets/audio/level05/day23/l05-d23-p05-slow.mp3,assets/images/lesson-scenes/level05/day23/l05-d23-p05-scene.webp,assets/video/level05/day23/l05-d23-p05-scene.mp4,DRAFT_WEB_RESEARCHED_NEEDS_NATIVE_AUDIO_QA
5,24,الدفع والصرف في النقل,1,L05-D24-P01,bshhal l-taman?,بشحال الثمن؟,How much is the price?,You ask the fare.,How much is the price?,khmsin dirham,Clarify price when no meter or ticket is used.,bshhal / l-taman,assets/audio/level05/day24/l05-d24-p01-normal.mp3,assets/audio/level05/day24/l05-d24-p01-slow.mp3,assets/images/lesson-scenes/level05/day24/l05-d24-p01-scene.webp,assets/video/level05/day24/l05-d24-p01-scene.mp4,DRAFT_WEB_RESEARCHED_NEEDS_NATIVE_AUDIO_QA
5,24,الدفع والصرف في النقل,2,L05-D24-P02,3ndi ghir miya,عندي غير مية,I only have 100.,You need change.,I only have 100.,kayna sarf,Small change is useful for transport.,3ndi / ghir miya,assets/audio/level05/day24/l05-d24-p02-normal.mp3,assets/audio/level05/day24/l05-d24-p02-slow.mp3,assets/images/lesson-scenes/level05/day24/l05-d24-p02-scene.webp,assets/video/level05/day24/l05-d24-p02-scene.mp4,DRAFT_WEB_RESEARCHED_NEEDS_NATIVE_AUDIO_QA
5,24,الدفع والصرف في النقل,3,L05-D24-P03,wach 3ndk sarf?,واش عندك صرف؟,Do you have change?,You pay with a larger bill.,Do you have change?,ah kayn,Ask before handing a large bill.,wach 3ndk / sarf,assets/audio/level05/day24/l05-d24-p03-normal.mp3,assets/audio/level05/day24/l05-d24-p03-slow.mp3,assets/images/lesson-scenes/level05/day24/l05-d24-p03-scene.webp,assets/video/level05/day24/l05-d24-p03-scene.mp4,DRAFT_WEB_RESEARCHED_NEEDS_NATIVE_AUDIO_QA
5,24,الدفع والصرف في النقل,4,L05-D24-P04,khod l-taman,خود الثمن,Take the fare.,You pay.,Take the fare.,shukran,Keep payment simple and visible.,khod / l-taman,assets/audio/level05/day24/l05-d24-p04-normal.mp3,assets/audio/level05/day24/l05-d24-p04-slow.mp3,assets/images/lesson-scenes/level05/day24/l05-d24-p04-scene.webp,assets/video/level05/day24/l05-d24-p04-scene.mp4,DRAFT_WEB_RESEARCHED_NEEDS_NATIVE_AUDIO_QA
5,24,الدفع والصرف في النقل,5,L05-D24-P05,bqa lia shhal?,بقا ليا شحال؟,How much change remains for me?,You want correct change.,How much change remains for me?,bqa lik 20,Ask calmly if change seems unclear.,bqa lia / shhal,assets/audio/level05/day24/l05-d24-p05-normal.mp3,assets/audio/level05/day24/l05-d24-p05-slow.mp3,assets/images/lesson-scenes/level05/day24/l05-d24-p05-scene.webp,assets/video/level05/day24/l05-d24-p05-scene.mp4,DRAFT_WEB_RESEARCHED_NEEDS_NATIVE_AUDIO_QA
5,25,الحجز بالهاتف أو واتساب,1,L05-D25-P01,nqder nreservi b-whatsapp?,نقدر نريزيرفي بواتساب؟,Can I reserve by WhatsApp?,You ask a driver or company.,Can I reserve by WhatsApp?,"ah, sift lia details",WhatsApp is widely used for coordination.,nqder / nreservi / b-whatsapp,assets/audio/level05/day25/l05-d25-p01-normal.mp3,assets/audio/level05/day25/l05-d25-p01-slow.mp3,assets/images/lesson-scenes/level05/day25/l05-d25-p01-scene.webp,assets/video/level05/day25/l05-d25-p01-scene.mp4,DRAFT_WEB_RESEARCHED_NEEDS_NATIVE_AUDIO_QA
5,25,الحجز بالهاتف أو واتساب,2,L05-D25-P02,sift lia localisation afak,صيفط ليا لوكاليساسيون عافاك,"Send me the location, please.",You need a meeting point.,"Send me the location, please.",wakha,Location sharing avoids address confusion.,sift lia / localisation / afak,assets/audio/level05/day25/l05-d25-p02-normal.mp3,assets/audio/level05/day25/l05-d25-p02-slow.mp3,assets/images/lesson-scenes/level05/day25/l05-d25-p02-scene.webp,assets/video/level05/day25/l05-d25-p02-scene.mp4,DRAFT_WEB_RESEARCHED_NEEDS_NATIVE_AUDIO_QA
5,25,الحجز بالهاتف أو واتساب,3,L05-D25-P03,ana ghadi nji f sitta,أنا غادي نجي فستة,I will come at six.,You confirm arrival time.,I will come at six.,"wakha, nنتظرك",Time confirmation is important for bookings.,ana ghadi nji / f sitta,assets/audio/level05/day25/l05-d25-p03-normal.mp3,assets/audio/level05/day25/l05-d25-p03-slow.mp3,assets/images/lesson-scenes/level05/day25/l05-d25-p03-scene.webp,assets/video/level05/day25/l05-d25-p03-scene.mp4,DRAFT_WEB_RESEARCHED_NEEDS_NATIVE_AUDIO_QA
5,25,الحجز بالهاتف أو واتساب,4,L05-D25-P04,smiti f-reservation,سميتي فالريزيرفاسيون,My name is on the reservation.,You identify a booking.,My name is on the reservation.,shno smiya?,Names can be checked at counters.,smiti / f-reservation,assets/audio/level05/day25/l05-d25-p04-normal.mp3,assets/audio/level05/day25/l05-d25-p04-slow.mp3,assets/images/lesson-scenes/level05/day25/l05-d25-p04-scene.webp,assets/video/level05/day25/l05-d25-p04-scene.mp4,DRAFT_WEB_RESEARCHED_NEEDS_NATIVE_AUDIO_QA
5,25,الحجز بالهاتف أو واتساب,5,L05-D25-P05,"ila tbdel shi haja, 3yt lia",إلا تبدل شي حاجة، عيط ليا,"If anything changes, call me.",You want notification.,"If anything changes, call me.",wakha,This prevents missed pickups.,ila tbdel / shi haja / 3yt lia,assets/audio/level05/day25/l05-d25-p05-normal.mp3,assets/audio/level05/day25/l05-d25-p05-slow.mp3,assets/images/lesson-scenes/level05/day25/l05-d25-p05-scene.webp,assets/video/level05/day25/l05-d25-p05-scene.mp4,DRAFT_WEB_RESEARCHED_NEEDS_NATIVE_AUDIO_QA
5,26,كراء سيارة وparking,1,L05-D26-P01,bghit nkri tomobil,بغيت نكري طوموبيل,I want to rent a car.,At a rental office.,I want to rent a car.,3ndk permis?,Car rental needs documents.,bghit / nkri tomobil,assets/audio/level05/day26/l05-d26-p01-normal.mp3,assets/audio/level05/day26/l05-d26-p01-slow.mp3,assets/images/lesson-scenes/level05/day26/l05-d26-p01-scene.webp,assets/video/level05/day26/l05-d26-p01-scene.mp4,DRAFT_WEB_RESEARCHED_NEEDS_NATIVE_AUDIO_QA
5,26,كراء سيارة وparking,2,L05-D26-P02,3ndi permis,عندي بيرمي,I have a driving license.,Rental staff asks for license.,I have a driving license.,warini afak,Have documents ready.,3ndi / permis,assets/audio/level05/day26/l05-d26-p02-normal.mp3,assets/audio/level05/day26/l05-d26-p02-slow.mp3,assets/images/lesson-scenes/level05/day26/l05-d26-p02-scene.webp,assets/video/level05/day26/l05-d26-p02-scene.mp4,DRAFT_WEB_RESEARCHED_NEEDS_NATIVE_AUDIO_QA
5,26,كراء سيارة وparking,3,L05-D26-P03,wach l-assurance dakhla?,واش لاسورونس داخلة؟,Is insurance included?,You check rental terms.,Is insurance included?,ah dakhla,Insurance details matter before driving.,wach l-assurance / dakhla,assets/audio/level05/day26/l05-d26-p03-normal.mp3,assets/audio/level05/day26/l05-d26-p03-slow.mp3,assets/images/lesson-scenes/level05/day26/l05-d26-p03-scene.webp,assets/video/level05/day26/l05-d26-p03-scene.mp4,DRAFT_WEB_RESEARCHED_NEEDS_NATIVE_AUDIO_QA
5,26,كراء سيارة وparking,4,L05-D26-P04,fin nlqa parking?,فين نلقى پاركينگ؟,Where can I find parking?,You drive near destination.,Where can I find parking?,temma 3la lisar,Parking rules vary by city and medina.,fin nlqa / parking,assets/audio/level05/day26/l05-d26-p04-normal.mp3,assets/audio/level05/day26/l05-d26-p04-slow.mp3,assets/images/lesson-scenes/level05/day26/l05-d26-p04-scene.webp,assets/video/level05/day26/l05-d26-p04-scene.mp4,DRAFT_WEB_RESEARCHED_NEEDS_NATIVE_AUDIO_QA
5,26,كراء سيارة وparking,5,L05-D26-P05,wach n9der nkhlliha hna?,واش نقدر نخليها هنا؟,Can I leave it here?,You ask if parking here is okay.,Can I leave it here?,"la, ممنوع",Ask before parking to avoid problems.,wach n9der / nkhlliha / hna,assets/audio/level05/day26/l05-d26-p05-normal.mp3,assets/audio/level05/day26/l05-d26-p05-slow.mp3,assets/images/lesson-scenes/level05/day26/l05-d26-p05-scene.webp,assets/video/level05/day26/l05-d26-p05-scene.mp4,DRAFT_WEB_RESEARCHED_NEEDS_NATIVE_AUDIO_QA
5,27,رحلة قصيرة خارج المدينة,1,L05-D27-P01,bghit nmsi l-blasa hadi nhar kaml,بغيت نمشي للبلاصة هادي نهار كامل,I want to go to this place for a full day.,You plan a day trip.,I want to go to this place for a full day.,"mzyan, sir sba7",Day trips need timing.,bghit nmsi / l-blasa hadi / nhar kaml,assets/audio/level05/day27/l05-d27-p01-normal.mp3,assets/audio/level05/day27/l05-d27-p01-slow.mp3,assets/images/lesson-scenes/level05/day27/l05-d27-p01-scene.webp,assets/video/level05/day27/l05-d27-p01-scene.mp4,DRAFT_WEB_RESEARCHED_NEEDS_NATIVE_AUDIO_QA
5,27,رحلة قصيرة خارج المدينة,2,L05-D27-P02,shno l-wsila bach nrje3?,شنو الوسيلة باش نرجع؟,What transport can I take to return?,You want a return plan.,What transport can I take to return?,kayn taksi kbir,Plan return before leaving remote spots.,shno l-wsila / bach nrje3,assets/audio/level05/day27/l05-d27-p02-normal.mp3,assets/audio/level05/day27/l05-d27-p02-slow.mp3,assets/images/lesson-scenes/level05/day27/l05-d27-p02-scene.webp,assets/video/level05/day27/l05-d27-p02-scene.mp4,DRAFT_WEB_RESEARCHED_NEEDS_NATIVE_AUDIO_QA
5,27,رحلة قصيرة خارج المدينة,3,L05-D27-P03,wach kayn transport f l-3shiya?,واش كاين ترانسبور فالعشية؟,Is there transport in the evening?,You need a late return.,Is there transport in the evening?,"qlla, rje3 qbel",Some routes have fewer options late.,wach kayn transport / f l-3shiya,assets/audio/level05/day27/l05-d27-p03-normal.mp3,assets/audio/level05/day27/l05-d27-p03-slow.mp3,assets/images/lesson-scenes/level05/day27/l05-d27-p03-scene.webp,assets/video/level05/day27/l05-d27-p03-scene.mp4,DRAFT_WEB_RESEARCHED_NEEDS_NATIVE_AUDIO_QA
5,27,رحلة قصيرة خارج المدينة,4,L05-D27-P04,bghit nوقف hna shwiya,بغيت نوقف هنا شوية,I want to stop here a little.,During a day trip.,I want to stop here a little.,"wakha, khms d-qayeq",Agree on stop time.,bghit nوقف / hna / shwiya,assets/audio/level05/day27/l05-d27-p04-normal.mp3,assets/audio/level05/day27/l05-d27-p04-slow.mp3,assets/images/lesson-scenes/level05/day27/l05-d27-p04-scene.webp,assets/video/level05/day27/l05-d27-p04-scene.mp4,DRAFT_WEB_RESEARCHED_NEEDS_NATIVE_AUDIO_QA
5,27,رحلة قصيرة خارج المدينة,5,L05-D27-P05,rje3 lia f had l-waqt afak,رجع ليا فهاد الوقت عافاك,"Come back for me at this time, please.",You arrange pickup.,"Come back for me at this time, please.",wakha,Confirm pickup time clearly.,rje3 lia / f had l-waqt / afak,assets/audio/level05/day27/l05-d27-p05-normal.mp3,assets/audio/level05/day27/l05-d27-p05-slow.mp3,assets/images/lesson-scenes/level05/day27/l05-d27-p05-scene.webp,assets/video/level05/day27/l05-d27-p05-scene.mp4,DRAFT_WEB_RESEARCHED_NEEDS_NATIVE_AUDIO_QA
5,28,مشكل في الرحلة,1,L05-D28-P01,waq3 lia mushkil f-tariq,وقع ليا مشكل فالطريق,I had a problem on the way.,You need help after disruption.,I had a problem on the way.,shno waq3?,Start with a simple problem statement.,waq3 lia / mushkil / f-tariq,assets/audio/level05/day28/l05-d28-p01-normal.mp3,assets/audio/level05/day28/l05-d28-p01-slow.mp3,assets/images/lesson-scenes/level05/day28/l05-d28-p01-scene.webp,assets/video/level05/day28/l05-d28-p01-scene.mp4,DRAFT_WEB_RESEARCHED_NEEDS_NATIVE_AUDIO_QA
5,28,مشكل في الرحلة,2,L05-D28-P02,ma lqitsh l-kar,ما لقيتش الكار,I could not find the bus.,You missed or cannot find the bus.,I could not find the bus.,sowl f-guichet,Ask staff or the counter next.,ma lqitsh / l-kar,assets/audio/level05/day28/l05-d28-p02-normal.mp3,assets/audio/level05/day28/l05-d28-p02-slow.mp3,assets/images/lesson-scenes/level05/day28/l05-d28-p02-scene.webp,assets/video/level05/day28/l05-d28-p02-scene.mp4,DRAFT_WEB_RESEARCHED_NEEDS_NATIVE_AUDIO_QA
5,28,مشكل في الرحلة,3,L05-D28-P03,tla3t f-tren ghalat,طلعت فتران غلط,I got on the wrong train.,You made a travel mistake.,I got on the wrong train.,hbet f station jaya,Be direct and calm.,tla3t / f-tren / ghalat,assets/audio/level05/day28/l05-d28-p03-normal.mp3,assets/audio/level05/day28/l05-d28-p03-slow.mp3,assets/images/lesson-scenes/level05/day28/l05-d28-p03-scene.webp,assets/video/level05/day28/l05-d28-p03-scene.mp4,DRAFT_WEB_RESEARCHED_NEEDS_NATIVE_AUDIO_QA
5,28,مشكل في الرحلة,4,L05-D28-P04,bghit n3ref shno ndir daba,بغيت نعرف شنو ندير دابا,I want to know what to do now.,You need instructions.,I want to know what to do now.,sir l-guichet,This is a powerful recovery phrase.,bghit n3ref / shno ndir / daba,assets/audio/level05/day28/l05-d28-p04-normal.mp3,assets/audio/level05/day28/l05-d28-p04-slow.mp3,assets/images/lesson-scenes/level05/day28/l05-d28-p04-scene.webp,assets/video/level05/day28/l05-d28-p04-scene.mp4,DRAFT_WEB_RESEARCHED_NEEDS_NATIVE_AUDIO_QA
5,28,مشكل في الرحلة,5,L05-D28-P05,"3afak 3awenni, ana msafer",عافاك عاوني، أنا مسافر,"Please help me, I am traveling.",You need urgent help.,"Please help me, I am traveling.","wakha, mashi mushkil",People often help travelers when asked politely.,3afak 3awenni / ana msafer,assets/audio/level05/day28/l05-d28-p05-normal.mp3,assets/audio/level05/day28/l05-d28-p05-slow.mp3,assets/images/lesson-scenes/level05/day28/l05-d28-p05-scene.webp,assets/video/level05/day28/l05-d28-p05-scene.mp4,DRAFT_WEB_RESEARCHED_NEEDS_NATIVE_AUDIO_QA
5,29,محاكاة تنقل مختلطة,1,L05-D29-P01,l-yom khasni nmsi l-rbat,اليوم خاصني نمشي للرباط,Today I need to go to Rabat.,Start of a mixed travel day.,Today I need to go to Rabat.,khod tren,Start with the simple goal.,l-yom / khasni nmsi / l-rbat,assets/audio/level05/day29/l05-d29-p01-normal.mp3,assets/audio/level05/day29/l05-d29-p01-slow.mp3,assets/images/lesson-scenes/level05/day29/l05-d29-p01-scene.webp,assets/video/level05/day29/l05-d29-p01-scene.mp4,DRAFT_WEB_RESEARCHED_NEEDS_NATIVE_AUDIO_QA
5,29,محاكاة تنقل مختلطة,2,L05-D29-P02,"awal haja, fin l-gar?",أول حاجة، فين لاگار؟,"First, where is the station?",You begin the route.,"First, where is the station?",nishan men hna,Break the trip into steps.,awal haja / fin l-gar,assets/audio/level05/day29/l05-d29-p02-normal.mp3,assets/audio/level05/day29/l05-d29-p02-slow.mp3,assets/images/lesson-scenes/level05/day29/l05-d29-p02-scene.webp,assets/video/level05/day29/l05-d29-p02-scene.mp4,DRAFT_WEB_RESEARCHED_NEEDS_NATIVE_AUDIO_QA
5,29,محاكاة تنقل مختلطة,3,L05-D29-P03,"men b3d, khasni taxi l-hotel",من بعد، خاصني طاكسي للأوطيل,"After that, I need a taxi to the hotel.",You plan the next leg.,"After that, I need a taxi to the hotel.",taxis kaynin barra,Use men b3d for sequence.,men b3d / khasni taxi / l-hotel,assets/audio/level05/day29/l05-d29-p03-normal.mp3,assets/audio/level05/day29/l05-d29-p03-slow.mp3,assets/images/lesson-scenes/level05/day29/l05-d29-p03-scene.webp,assets/video/level05/day29/l05-d29-p03-scene.mp4,DRAFT_WEB_RESEARCHED_NEEDS_NATIVE_AUDIO_QA
5,29,محاكاة تنقل مختلطة,4,L05-D29-P04,"ila t2akher l-tren, shno ndir?",إلا تأخر التران، شنو ندير؟,"If the train is late, what should I do?",You plan for delay.,"If the train is late, what should I do?",sowl f-guichet,Travel confidence includes backup plans.,ila t2akher l-tren / shno ndir,assets/audio/level05/day29/l05-d29-p04-normal.mp3,assets/audio/level05/day29/l05-d29-p04-slow.mp3,assets/images/lesson-scenes/level05/day29/l05-d29-p04-scene.webp,assets/video/level05/day29/l05-d29-p04-scene.mp4,DRAFT_WEB_RESEARCHED_NEEDS_NATIVE_AUDIO_QA
5,29,محاكاة تنقل مختلطة,5,L05-D29-P05,"safi, ana wajed",صافي، أنا واجد,"Okay, I am ready.",You finish planning.,"Okay, I am ready.",treq salama,End the planning calmly.,safi / ana wajed,assets/audio/level05/day29/l05-d29-p05-normal.mp3,assets/audio/level05/day29/l05-d29-p05-slow.mp3,assets/images/lesson-scenes/level05/day29/l05-d29-p05-scene.webp,assets/video/level05/day29/l05-d29-p05-scene.mp4,DRAFT_WEB_RESEARCHED_NEEDS_NATIVE_AUDIO_QA
5,30,اختبار التنقل النهائي,1,L05-D30-P01,bghit nmsi mn hna l-mdina okhra,بغيت نمشي من هنا لمدينة أخرى,I want to go from here to another city.,Final mobility test begins.,I want to go from here to another city.,fin bghiti tmshi?,Final test combines transport choices.,bghit nmsi / mn hna / l-mdina okhra,assets/audio/level05/day30/l05-d30-p01-normal.mp3,assets/audio/level05/day30/l05-d30-p01-slow.mp3,assets/images/lesson-scenes/level05/day30/l05-d30-p01-scene.webp,assets/video/level05/day30/l05-d30-p01-scene.mp4,DRAFT_WEB_RESEARCHED_NEEDS_NATIVE_AUDIO_QA
5,30,اختبار التنقل النهائي,2,L05-D30-P02,"shno l-ahsan, tren wla CTM?",شنو الأحسن، تران ولا سي تي إم؟,"What is better, train or CTM?",You compare final options.,"What is better, train or CTM?",3la hsab l-wqt,"Compare by time, price, and comfort.",shno l-ahsan / tren wla CTM,assets/audio/level05/day30/l05-d30-p02-normal.mp3,assets/audio/level05/day30/l05-d30-p02-slow.mp3,assets/images/lesson-scenes/level05/day30/l05-d30-p02-scene.webp,assets/video/level05/day30/l05-d30-p02-scene.mp4,DRAFT_WEB_RESEARCHED_NEEDS_NATIVE_AUDIO_QA
5,30,اختبار التنقل النهائي,3,L05-D30-P03,bghit ticket w blasa mzyana,بغيت تيكي وبلاصة مزيانة,I want a ticket and a good seat.,You buy a travel ticket.,I want a ticket and a good seat.,wakha,By now the learner can combine needs.,bghit ticket / w blasa mzyana,assets/audio/level05/day30/l05-d30-p03-normal.mp3,assets/audio/level05/day30/l05-d30-p03-slow.mp3,assets/images/lesson-scenes/level05/day30/l05-d30-p03-scene.webp,assets/video/level05/day30/l05-d30-p03-scene.mp4,DRAFT_WEB_RESEARCHED_NEEDS_NATIVE_AUDIO_QA
5,30,اختبار التنقل النهائي,4,L05-D30-P04,"ila waq3 mushkil, ghadi nsowl",إلا وقع مشكل، غادي نسول,"If a problem happens, I will ask.",You show confidence in recovery.,"If a problem happens, I will ask.",mzyan,Confidence comes from knowing recovery phrases.,ila waq3 mushkil / ghadi nsowl,assets/audio/level05/day30/l05-d30-p04-normal.mp3,assets/audio/level05/day30/l05-d30-p04-slow.mp3,assets/images/lesson-scenes/level05/day30/l05-d30-p04-scene.webp,assets/video/level05/day30/l05-d30-p04-scene.mp4,DRAFT_WEB_RESEARCHED_NEEDS_NATIVE_AUDIO_QA
5,30,اختبار التنقل النهائي,5,L05-D30-P05,"wslna bikhir, shukran 3la l-m3awna",وصلنا بخير، شكرا على المعاونة,"We arrived safely, thanks for the help.",End of the full trip.,"We arrived safely, thanks for the help.",bssaha w ra7a,A polite ending completes the travel interaction.,wslna bikhir / shukran / 3la l-m3awna,assets/audio/level05/day30/l05-d30-p05-normal.mp3,assets/audio/level05/day30/l05-d30-p05-slow.mp3,assets/images/lesson-scenes/level05/day30/l05-d30-p05-scene.webp,assets/video/level05/day30/l05-d30-p05-scene.mp4,DRAFT_WEB_RESEARCHED_NEEDS_NATIVE_AUDIO_QA
