day,lesson_id,lesson_title,module,phrase_number,phrase_id,english,friendly_latin,goal,audio_normal,audio_slow,video_scene,scene_visual,locked,free
1,lesson-001,Taxi Survival,,1,taxi-001,I want to go to the hotel.,bghit nmshi l-otel,Tell the driver you want to go to your hotel.,assets/audio/day01/taxi-001-normal.mp3,assets/audio/day01/taxi-001-slow.mp3,assets/video/day01/taxi-001-scene.mp4,assets/images/lesson-scenes/day01-taxi-001-bghit-nmshi-l-otel-scene.webp,False,True
1,lesson-001,Taxi Survival,,2,taxi-002,"Stop here, please.",weqef hna aafak,Ask the driver to stop here.,assets/audio/day01/taxi-002-normal.mp3,assets/audio/day01/taxi-002-slow.mp3,,assets/images/lesson-scenes/day01-taxi-002-weqef-hna-aafak-scene.webp,False,True
1,lesson-001,Taxi Survival,,3,taxi-003,"Go straight, please.",sir nishan aafak,Tell the driver to go straight.,assets/audio/day01/taxi-003-normal.mp3,assets/audio/day01/taxi-003-slow.mp3,,assets/images/lesson-scenes/day01-taxi-003-sir-nishan-aafak-scene.webp,False,True
1,lesson-001,Taxi Survival,,4,taxi-004,"Turn right, please.",dor l-limn aafak,Give a simple right-turn instruction.,assets/audio/day01/taxi-004-normal.mp3,assets/audio/day01/taxi-004-slow.mp3,,assets/images/lesson-scenes/day01-taxi-004-dor-l-limn-aafak-scene.webp,False,True
1,lesson-001,Taxi Survival,,5,taxi-005,Here is good.,hna mezian,Confirm that this place is good.,assets/audio/day01/taxi-005-hna-mezian-normal.mp3,assets/audio/day01/taxi-005-hna-mezian-slow.mp3,,assets/images/lesson-scenes/day01-taxi-005-hna-mezian-scene.webp,False,True
2,lesson-002,Cafe Culture,,1,cafe-001,"Black coffee, please.",qahwa kahla aafak,Ask for black coffee politely.,assets/audio/day02/cafe-001-normal.mp3,assets/audio/day02/cafe-001-slow.mp3,assets/video/day02/cafe-001-scene.mp4,assets/images/lesson-visuals/cafe-001-visual.webp,False,True
2,lesson-002,Cafe Culture,,2,cafe-002,"Mint tea, please.",atay b naanaa aafak,Order Moroccan mint tea.,assets/audio/day02/cafe-002-normal.mp3,assets/audio/day02/cafe-002-slow.mp3,,assets/images/lesson-visuals/cafe-001-visual.webp,False,True
2,lesson-002,Cafe Culture,,3,cafe-003,"Without sugar, please.",bla sokar aafak,Customize your order.,assets/audio/day02/cafe-003-normal.mp3,assets/audio/day02/cafe-003-slow.mp3,,assets/images/lesson-visuals/cafe-001-visual.webp,False,True
2,lesson-002,Cafe Culture,,4,cafe-004,"Water, please.",l-ma aafak,Ask for water politely.,assets/audio/day02/cafe-004-normal.mp3,assets/audio/day02/cafe-004-slow.mp3,,assets/images/lesson-visuals/cafe-001-visual.webp,False,True
2,lesson-002,Cafe Culture,,5,cafe-005,"The bill, please.",l-hssab aafak,Ask for the bill.,assets/audio/day02/cafe-005-normal.mp3,assets/audio/day02/cafe-005-slow.mp3,,assets/images/lesson-visuals/cafe-001-visual.webp,False,True
3,lesson-003,Market Price,,1,market-001,How much is this?,bsh-hal hada?,Ask how much it costs.,assets/audio/day03/market-001-normal.mp3,assets/audio/day03/market-001-slow.mp3,assets/video/day03/market-001-scene.mp4,assets/images/lesson-visuals/market-001-visual.webp,False,True
3,lesson-003,Market Price,,2,market-002,Too expensive.,ghali bzaf,React softly without sounding rude.,assets/audio/day03/market-002-normal.mp3,assets/audio/day03/market-002-slow.mp3,,assets/images/lesson-visuals/market-001-visual.webp,False,True
3,lesson-003,Market Price,,3,market-003,"Lower it a little, please.",nqess shwiya aafak,Ask the seller to lower the price politely.,assets/audio/day03/market-003-normal.mp3,assets/audio/day03/market-003-slow.mp3,,assets/images/lesson-visuals/market-001-visual.webp,False,True
3,lesson-003,Market Price,,4,market-004,What is the last price?,shno akher taman?,Ask for the last price.,assets/audio/day03/market-004-normal.mp3,assets/audio/day03/market-004-slow.mp3,,assets/images/lesson-visuals/market-001-visual.webp,False,True
3,lesson-003,Market Price,,5,market-005,I want to buy this.,bghit nshri hada,Say that you want to buy it.,assets/audio/day03/market-005-normal.mp3,assets/audio/day03/market-005-slow.mp3,,assets/images/lesson-visuals/market-001-visual.webp,False,True
4,lesson-004,First Moroccan Greetings,First Contact & Confidence,1,day04-salam-001,Hello.,salam,"Start a conversation in a warm, natural Moroccan way.",assets/audio/day04/day04-salam-001-normal.mp3,assets/audio/day04/day04-salam-001-slow.mp3,,assets/images/lesson-visuals/day04-first-moroccan-greetings-visual.svg,True,False
4,lesson-004,First Moroccan Greetings,First Contact & Confidence,2,day04-labas-002,How are you?,labas?,Ask a simple friendly question after greeting someone.,assets/audio/day04/day04-labas-002-normal.mp3,assets/audio/day04/day04-labas-002-slow.mp3,,assets/images/lesson-visuals/day04-first-moroccan-greetings-visual.svg,True,False
4,lesson-004,First Moroccan Greetings,First Contact & Confidence,3,day04-bikhir-lhamdullah-003,"I am good, thank God.","bikhir, lhamdullah",Answer politely when someone asks how you are.,assets/audio/day04/day04-bikhir-lhamdullah-003-normal.mp3,assets/audio/day04/day04-bikhir-lhamdullah-003-slow.mp3,,assets/images/lesson-visuals/day04-first-moroccan-greetings-visual.svg,True,False
4,lesson-004,First Moroccan Greetings,First Contact & Confidence,4,day04-shukran-004,Thank you.,shukran,Show appreciation in any short interaction.,assets/audio/day04/day04-shukran-004-normal.mp3,assets/audio/day04/day04-shukran-004-slow.mp3,,assets/images/lesson-visuals/day04-first-moroccan-greetings-visual.svg,True,False
4,lesson-004,First Moroccan Greetings,First Contact & Confidence,5,day04-bslama-005,Goodbye.,bslama,Close the interaction politely.,assets/audio/day04/day04-bslama-005-normal.mp3,assets/audio/day04/day04-bslama-005-slow.mp3,,assets/images/lesson-visuals/day04-first-moroccan-greetings-visual.svg,True,False
5,lesson-005,Be Polite Without Sounding Formal,First Contact & Confidence,1,day05-aafak-001,Please.,aafak,Add politeness to a request.,assets/audio/day05/day05-aafak-001-normal.mp3,assets/audio/day05/day05-aafak-001-slow.mp3,,assets/images/lesson-visuals/day05-be-polite-without-sounding-formal-visual.svg,True,False
5,lesson-005,Be Polite Without Sounding Formal,First Contact & Confidence,2,day05-smh-liya-002,Excuse me / sorry.,smh liya,Get attention politely or apologize lightly.,assets/audio/day05/day05-smh-liya-002-normal.mp3,assets/audio/day05/day05-smh-liya-002-slow.mp3,,assets/images/lesson-visuals/day05-be-polite-without-sounding-formal-visual.svg,True,False
5,lesson-005,Be Polite Without Sounding Formal,First Contact & Confidence,3,day05-maashi-mushkil-003,No problem.,maashi mushkil,Respond warmly when someone apologizes or helps you.,assets/audio/day05/day05-maashi-mushkil-003-normal.mp3,assets/audio/day05/day05-maashi-mushkil-003-slow.mp3,,assets/images/lesson-visuals/day05-be-polite-without-sounding-formal-visual.svg,True,False
5,lesson-005,Be Polite Without Sounding Formal,First Contact & Confidence,4,day05-wakha-004,Okay.,wakha,Show agreement in a natural Moroccan way.,assets/audio/day05/day05-wakha-004-normal.mp3,assets/audio/day05/day05-wakha-004-slow.mp3,,assets/images/lesson-visuals/day05-be-polite-without-sounding-formal-visual.svg,True,False
5,lesson-005,Be Polite Without Sounding Formal,First Contact & Confidence,5,day05-la-shukran-005,"No, thank you.",la shukran,Refuse something politely.,assets/audio/day05/day05-la-shukran-005-normal.mp3,assets/audio/day05/day05-la-shukran-005-slow.mp3,,assets/images/lesson-visuals/day05-be-polite-without-sounding-formal-visual.svg,True,False
6,lesson-006,Introduce Yourself,First Contact & Confidence,1,day06-smiti-john-001,My name is John.,smiti John,Say your name when meeting someone.,assets/audio/day06/day06-smiti-john-001-normal.mp3,assets/audio/day06/day06-smiti-john-001-slow.mp3,,assets/images/lesson-visuals/day06-introduce-yourself-visual.svg,True,False
6,lesson-006,Introduce Yourself,First Contact & Confidence,2,day06-ana-mn-002,I am from...,ana mn...,Say where you come from.,assets/audio/day06/day06-ana-mn-002-normal.mp3,assets/audio/day06/day06-ana-mn-002-slow.mp3,,assets/images/lesson-visuals/day06-introduce-yourself-visual.svg,True,False
6,lesson-006,Introduce Yourself,First Contact & Confidence,3,day06-ana-mn-mirikan-003,I am from America.,ana mn mirikan,Give a country example you can replace with your own.,assets/audio/day06/day06-ana-mn-mirikan-003-normal.mp3,assets/audio/day06/day06-ana-mn-mirikan-003-slow.mp3,,assets/images/lesson-visuals/day06-introduce-yourself-visual.svg,True,False
6,lesson-006,Introduce Yourself,First Contact & Confidence,4,day06-msharfin-004,Nice to meet you.,msharfin,Respond warmly after introductions.,assets/audio/day06/day06-msharfin-004-normal.mp3,assets/audio/day06/day06-msharfin-004-slow.mp3,,assets/images/lesson-visuals/day06-introduce-yourself-visual.svg,True,False
6,lesson-006,Introduce Yourself,First Contact & Confidence,5,day06-ana-turist-005,I am a tourist.,ana turist,Explain your role simply.,assets/audio/day06/day06-ana-turist-005-normal.mp3,assets/audio/day06/day06-ana-turist-005-slow.mp3,,assets/images/lesson-visuals/day06-introduce-yourself-visual.svg,True,False
7,lesson-007,I Don’t Understand,Move Around Morocco,1,day07-ma-fhemtsh-001,I did not understand.,ma fhemtsh,Tell someone clearly that you missed the meaning.,assets/audio/day07/day07-ma-fhemtsh-001-normal.mp3,assets/audio/day07/day07-ma-fhemtsh-001-slow.mp3,,assets/images/lesson-visuals/day07-i-don-t-understand-visual.svg,True,False
7,lesson-007,I Don’t Understand,Move Around Morocco,2,day07-bshwiya-aafak-002,"Slowly, please.",bshwiya aafak,Ask the speaker to slow down.,assets/audio/day07/day07-bshwiya-aafak-002-normal.mp3,assets/audio/day07/day07-bshwiya-aafak-002-slow.mp3,,assets/images/lesson-visuals/day07-i-don-t-understand-visual.svg,True,False
7,lesson-007,I Don’t Understand,Move Around Morocco,3,day07-aawed-aafak-003,"Repeat, please.",aawed aafak,Ask for repetition politely.,assets/audio/day07/day07-aawed-aafak-003-normal.mp3,assets/audio/day07/day07-aawed-aafak-003-slow.mp3,,assets/images/lesson-visuals/day07-i-don-t-understand-visual.svg,True,False
7,lesson-007,I Don’t Understand,Move Around Morocco,4,day07-wash-kat-hder-english-004,Do you speak English?,wash kat-hder English?,Check whether the person can switch languages.,assets/audio/day07/day07-wash-kat-hder-english-004-normal.mp3,assets/audio/day07/day07-wash-kat-hder-english-004-slow.mp3,,assets/images/lesson-visuals/day07-i-don-t-understand-visual.svg,True,False
7,lesson-007,I Don’t Understand,Move Around Morocco,5,day07-shnu-glti-005,What did you say?,shnu glti?,Ask what was said in a casual way.,assets/audio/day07/day07-shnu-glti-005-normal.mp3,assets/audio/day07/day07-shnu-glti-005-slow.mp3,,assets/images/lesson-visuals/day07-i-don-t-understand-visual.svg,True,False
8,lesson-008,"Yes, No, Maybe, I Want",Move Around Morocco,1,day08-iyeh-001,Yes.,iyeh,Agree or confirm.,assets/audio/day08/day08-iyeh-001-normal.mp3,assets/audio/day08/day08-iyeh-001-slow.mp3,,assets/images/lesson-visuals/day08-yes-no-maybe-i-want-visual.svg,True,False
8,lesson-008,"Yes, No, Maybe, I Want",Move Around Morocco,2,day08-0la-002,No.,la,Refuse or correct.,assets/audio/day08/day08-0la-002-normal.mp3,assets/audio/day08/day08-0la-002-slow.mp3,,assets/images/lesson-visuals/day08-yes-no-maybe-i-want-visual.svg,True,False
8,lesson-008,"Yes, No, Maybe, I Want",Move Around Morocco,3,day08-momkin-003,Maybe / possible.,momkin,Show possibility or ask if something is possible.,assets/audio/day08/day08-momkin-003-normal.mp3,assets/audio/day08/day08-momkin-003-slow.mp3,,assets/images/lesson-visuals/day08-yes-no-maybe-i-want-visual.svg,True,False
8,lesson-008,"Yes, No, Maybe, I Want",Move Around Morocco,4,day08-bghit-004,I want...,bghit...,Start a need or request.,assets/audio/day08/day08-bghit-004-normal.mp3,assets/audio/day08/day08-bghit-004-slow.mp3,,assets/images/lesson-visuals/day08-yes-no-maybe-i-want-visual.svg,True,False
8,lesson-008,"Yes, No, Maybe, I Want",Move Around Morocco,5,day08-ma-bghitsh-005,I do not want.,ma bghitsh,Refuse clearly.,assets/audio/day08/day08-ma-bghitsh-005-normal.mp3,assets/audio/day08/day08-ma-bghitsh-005-slow.mp3,,assets/images/lesson-visuals/day08-yes-no-maybe-i-want-visual.svg,True,False
9,lesson-009,Taxi: Price and Meter,Move Around Morocco,1,day09-bsh-hal-taman-001,How much is the fare?,bsh-hal taman?,Ask the taxi price clearly.,assets/audio/day09/day09-bsh-hal-taman-001-normal.mp3,assets/audio/day09/day09-bsh-hal-taman-001-slow.mp3,,assets/images/lesson-visuals/day09-taxi-price-and-meter-visual.svg,True,False
9,lesson-009,Taxi: Price and Meter,Move Around Morocco,2,day09-shaal-l-compteur-aafak-002,"Turn on the meter, please.",shaal l-compteur aafak,Ask the driver to use the meter.,assets/audio/day09/day09-shaal-l-compteur-aafak-002-normal.mp3,assets/audio/day09/day09-shaal-l-compteur-aafak-002-slow.mp3,,assets/images/lesson-visuals/day09-taxi-price-and-meter-visual.svg,True,False
9,lesson-009,Taxi: Price and Meter,Move Around Morocco,3,day09-ghali-bzaf-003,It is too expensive.,ghali bzaf,Push back when the price feels high.,assets/audio/day09/day09-ghali-bzaf-003-normal.mp3,assets/audio/day09/day09-ghali-bzaf-003-slow.mp3,,assets/images/lesson-visuals/day09-taxi-price-and-meter-visual.svg,True,False
9,lesson-009,Taxi: Price and Meter,Move Around Morocco,4,day09-la-shukran-004,"No, thank you.","la, shukran",Refuse the ride politely.,assets/audio/day09/day09-la-shukran-004-normal.mp3,assets/audio/day09/day09-la-shukran-004-slow.mp3,,assets/images/lesson-visuals/day09-taxi-price-and-meter-visual.svg,True,False
9,lesson-009,Taxi: Price and Meter,Move Around Morocco,5,day09-wakha-005,Okay.,wakha,Accept the agreed condition.,assets/audio/day09/day09-wakha-005-normal.mp3,assets/audio/day09/day09-wakha-005-slow.mp3,,assets/images/lesson-visuals/day09-taxi-price-and-meter-visual.svg,True,False
10,lesson-010,Taxi: Stop and Directions,Move Around Morocco,1,day10-wqef-hna-aafak-001,"Stop here, please.",wqef hna aafak,Ask the driver to stop at the right place.,assets/audio/day10/day10-wqef-hna-aafak-001-normal.mp3,assets/audio/day10/day10-wqef-hna-aafak-001-slow.mp3,,assets/images/lesson-visuals/day10-taxi-stop-and-directions-visual.svg,True,False
10,lesson-010,Taxi: Stop and Directions,Move Around Morocco,2,day10-sir-nishan-002,Go straight.,sir nishan,Tell the driver to continue straight.,assets/audio/day10/day10-sir-nishan-002-normal.mp3,assets/audio/day10/day10-sir-nishan-002-slow.mp3,,assets/images/lesson-visuals/day10-taxi-stop-and-directions-visual.svg,True,False
10,lesson-010,Taxi: Stop and Directions,Move Around Morocco,3,day10-dur-l-limen-003,Turn right.,dur l-limen,Give a right-turn instruction.,assets/audio/day10/day10-dur-l-limen-003-normal.mp3,assets/audio/day10/day10-dur-l-limen-003-slow.mp3,,assets/images/lesson-visuals/day10-taxi-stop-and-directions-visual.svg,True,False
10,lesson-010,Taxi: Stop and Directions,Move Around Morocco,4,day10-dur-l-lisar-004,Turn left.,dur l-lisar,Give a left-turn instruction.,assets/audio/day10/day10-dur-l-lisar-004-normal.mp3,assets/audio/day10/day10-dur-l-lisar-004-slow.mp3,,assets/images/lesson-visuals/day10-taxi-stop-and-directions-visual.svg,True,False
10,lesson-010,Taxi: Stop and Directions,Move Around Morocco,5,day10-hna-mezian-005,Here is good.,hna mezian,Tell the driver this spot is fine.,assets/audio/day10/day10-hna-mezian-005-normal.mp3,assets/audio/day10/day10-hna-mezian-005-slow.mp3,,assets/images/lesson-visuals/day10-taxi-stop-and-directions-visual.svg,True,False
11,lesson-011,"Train, Bus, Airport",Move Around Morocco,1,day11-fin-l-mahatta-001,Where is the station?,fin l-mahatta?,Ask where the station is.,assets/audio/day11/day11-fin-l-mahatta-001-normal.mp3,assets/audio/day11/day11-fin-l-mahatta-001-slow.mp3,,assets/images/lesson-visuals/day11-train-bus-airport-visual.svg,True,False
11,lesson-011,"Train, Bus, Airport",Move Around Morocco,2,day11-fin-l-mtar-002,Where is the airport?,fin l-mtar?,Ask where the airport is.,assets/audio/day11/day11-fin-l-mtar-002-normal.mp3,assets/audio/day11/day11-fin-l-mtar-002-slow.mp3,,assets/images/lesson-visuals/day11-train-bus-airport-visual.svg,True,False
11,lesson-011,"Train, Bus, Airport",Move Around Morocco,3,day11-bghit-ticket-l-003,I want a ticket to...,bghit ticket l...,Buy a ticket to your destination.,assets/audio/day11/day11-bghit-ticket-l-003-normal.mp3,assets/audio/day11/day11-bghit-ticket-l-003-slow.mp3,,assets/images/lesson-visuals/day11-train-bus-airport-visual.svg,True,False
11,lesson-011,"Train, Bus, Airport",Move Around Morocco,4,day11-shhal-f-saa-004,What time?,shhal f saa?,Ask the departure time.,assets/audio/day11/day11-shhal-f-saa-004-normal.mp3,assets/audio/day11/day11-shhal-f-saa-004-slow.mp3,,assets/images/lesson-visuals/day11-train-bus-airport-visual.svg,True,False
11,lesson-011,"Train, Bus, Airport",Move Around Morocco,5,day11-wash-baqi-kayn-005,Is there still one?,wash baqi kayn?,Check if tickets or departures are still available.,assets/audio/day11/day11-wash-baqi-kayn-005-normal.mp3,assets/audio/day11/day11-wash-baqi-kayn-005-slow.mp3,,assets/images/lesson-visuals/day11-train-bus-airport-visual.svg,True,False
12,lesson-012,Lost in the Medina,Move Around Morocco,1,day12-tliit-001,I am lost.,tliit,Tell someone you are lost.,assets/audio/day12/day12-tliit-001-normal.mp3,assets/audio/day12/day12-tliit-001-slow.mp3,,assets/images/lesson-visuals/day12-lost-in-the-medina-visual.svg,True,False
12,lesson-012,Lost in the Medina,Move Around Morocco,2,day12-fin-kayn-002,Where is ...?,fin kayn ...?,Ask where a place is.,assets/audio/day12/day12-fin-kayn-002-normal.mp3,assets/audio/day12/day12-fin-kayn-002-slow.mp3,,assets/images/lesson-visuals/day12-lost-in-the-medina-visual.svg,True,False
12,lesson-012,Lost in the Medina,Move Around Morocco,3,day12-qreb-wla-b3id-003,Is it near or far?,qreb wla b3id?,Check the distance.,assets/audio/day12/day12-qreb-wla-b3id-003-normal.mp3,assets/audio/day12/day12-qreb-wla-b3id-003-slow.mp3,,assets/images/lesson-visuals/day12-lost-in-the-medina-visual.svg,True,False
12,lesson-012,Lost in the Medina,Move Around Morocco,4,day12-aaweni-aafak-004,"Help me, please.",aaweni aafak,Ask for practical help.,assets/audio/day12/day12-aaweni-aafak-004-normal.mp3,assets/audio/day12/day12-aaweni-aafak-004-slow.mp3,,assets/images/lesson-visuals/day12-lost-in-the-medina-visual.svg,True,False
12,lesson-012,Lost in the Medina,Move Around Morocco,5,day12-shukran-bzaf-005,Thank you very much.,shukran bzaf,Thank someone warmly after help.,assets/audio/day12/day12-shukran-bzaf-005-normal.mp3,assets/audio/day12/day12-shukran-bzaf-005-slow.mp3,,assets/images/lesson-visuals/day12-lost-in-the-medina-visual.svg,True,False
13,lesson-013,"Sugar, Milk, Custom Orders","Café, Restaurant & Food",1,day13-bla-sokkar-001,Without sugar.,bla sokkar,Remove sugar from your drink.,assets/audio/day13/day13-bla-sokkar-001-normal.mp3,assets/audio/day13/day13-bla-sokkar-001-slow.mp3,,assets/images/lesson-visuals/day13-sugar-milk-custom-orders-visual.svg,True,False
13,lesson-013,"Sugar, Milk, Custom Orders","Café, Restaurant & Food",2,day13-b-l-hlib-002,With milk.,b l-hlib,Ask for milk in the drink.,assets/audio/day13/day13-b-l-hlib-002-normal.mp3,assets/audio/day13/day13-b-l-hlib-002-slow.mp3,,assets/images/lesson-visuals/day13-sugar-milk-custom-orders-visual.svg,True,False
13,lesson-013,"Sugar, Milk, Custom Orders","Café, Restaurant & Food",3,day13-messous-003,Unsweetened.,messous,Ask for the unsweetened version.,assets/audio/day13/day13-messous-003-normal.mp3,assets/audio/day13/day13-messous-003-slow.mp3,,assets/images/lesson-visuals/day13-sugar-milk-custom-orders-visual.svg,True,False
13,lesson-013,"Sugar, Milk, Custom Orders","Café, Restaurant & Food",4,day13-shwiya-sokkar-004,A little sugar.,shwiya sokkar,Ask for less sugar.,assets/audio/day13/day13-shwiya-sokkar-004-normal.mp3,assets/audio/day13/day13-shwiya-sokkar-004-slow.mp3,,assets/images/lesson-visuals/day13-sugar-milk-custom-orders-visual.svg,True,False
13,lesson-013,"Sugar, Milk, Custom Orders","Café, Restaurant & Food",5,day13-ma-bghitsh-sokkar-005,I do not want sugar.,ma bghitsh sokkar,State clearly that you want no sugar.,assets/audio/day13/day13-ma-bghitsh-sokkar-005-normal.mp3,assets/audio/day13/day13-ma-bghitsh-sokkar-005-slow.mp3,,assets/images/lesson-visuals/day13-sugar-milk-custom-orders-visual.svg,True,False
14,lesson-014,Restaurant Basics,"Café, Restaurant & Food",1,day14-bghit-menu-001,I want the menu.,bghit menu,Ask for the menu.,assets/audio/day14/day14-bghit-menu-001-normal.mp3,assets/audio/day14/day14-bghit-menu-001-slow.mp3,,assets/images/lesson-visuals/day14-restaurant-basics-visual.svg,True,False
14,lesson-014,Restaurant Basics,"Café, Restaurant & Food",2,day14-shnu-kayn-002,What do you have?,shnu kayn?,Ask about available dishes.,assets/audio/day14/day14-shnu-kayn-002-normal.mp3,assets/audio/day14/day14-shnu-kayn-002-slow.mp3,,assets/images/lesson-visuals/day14-restaurant-basics-visual.svg,True,False
14,lesson-014,Restaurant Basics,"Café, Restaurant & Food",3,day14-bghit-tajine-003,I want tagine.,bghit tajine,Order tagine.,assets/audio/day14/day14-bghit-tajine-003-normal.mp3,assets/audio/day14/day14-bghit-tajine-003-slow.mp3,,assets/images/lesson-visuals/day14-restaurant-basics-visual.svg,True,False
14,lesson-014,Restaurant Basics,"Café, Restaurant & Food",4,day14-bghit-couscous-004,I want couscous.,bghit couscous,Order couscous.,assets/audio/day14/day14-bghit-couscous-004-normal.mp3,assets/audio/day14/day14-bghit-couscous-004-slow.mp3,,assets/images/lesson-visuals/day14-restaurant-basics-visual.svg,True,False
14,lesson-014,Restaurant Basics,"Café, Restaurant & Food",5,day14-hadshi-bnin-005,This is delicious.,hadshi bnin,Compliment the food.,assets/audio/day14/day14-hadshi-bnin-005-normal.mp3,assets/audio/day14/day14-hadshi-bnin-005-slow.mp3,,assets/images/lesson-visuals/day14-restaurant-basics-visual.svg,True,False
15,lesson-015,The Bill and Payment,"Café, Restaurant & Food",1,day15-l-hssab-aafak-001,"The bill, please.",l-hssab aafak,Ask for the bill.,assets/audio/day15/day15-l-hssab-aafak-001-normal.mp3,assets/audio/day15/day15-l-hssab-aafak-001-slow.mp3,,assets/images/lesson-visuals/day15-the-bill-and-payment-visual.svg,True,False
15,lesson-015,The Bill and Payment,"Café, Restaurant & Food",2,day15-bsh-hal-002,How much is it?,bsh-hal?,Confirm the amount.,assets/audio/day15/day15-bsh-hal-002-normal.mp3,assets/audio/day15/day15-bsh-hal-002-slow.mp3,,assets/images/lesson-visuals/day15-the-bill-and-payment-visual.svg,True,False
15,lesson-015,The Bill and Payment,"Café, Restaurant & Food",3,day15-nkhlles-b-carte-003,Can I pay by card?,nkhlles b carte?,Check if card payment is accepted.,assets/audio/day15/day15-nkhlles-b-carte-003-normal.mp3,assets/audio/day15/day15-nkhlles-b-carte-003-slow.mp3,,assets/images/lesson-visuals/day15-the-bill-and-payment-visual.svg,True,False
15,lesson-015,The Bill and Payment,"Café, Restaurant & Food",4,day15-cash-004,Cash?,cash?,Check or confirm cash payment.,assets/audio/day15/day15-cash-004-normal.mp3,assets/audio/day15/day15-cash-004-slow.mp3,,assets/images/lesson-visuals/day15-the-bill-and-payment-visual.svg,True,False
15,lesson-015,The Bill and Payment,"Café, Restaurant & Food",5,day15-safi-shukran-005,"That is all, thank you.",safi shukran,Close the exchange politely.,assets/audio/day15/day15-safi-shukran-005-normal.mp3,assets/audio/day15/day15-safi-shukran-005-slow.mp3,,assets/images/lesson-visuals/day15-the-bill-and-payment-visual.svg,True,False
16,lesson-016,Dietary Needs,"Café, Restaurant & Food",1,day16-ana-vegetariyan-001,I am vegetarian.,ana vegetariyan,Explain your diet simply.,assets/audio/day16/day16-ana-vegetariyan-001-normal.mp3,assets/audio/day16/day16-ana-vegetariyan-001-slow.mp3,,assets/images/lesson-visuals/day16-dietary-needs-visual.svg,True,False
16,lesson-016,Dietary Needs,"Café, Restaurant & Food",2,day16-ma-kan-akolsh-l-hm-002,I do not eat meat.,ma kan-akolsh l-hm,State that you do not eat meat.,assets/audio/day16/day16-ma-kan-akolsh-l-hm-002-normal.mp3,assets/audio/day16/day16-ma-kan-akolsh-l-hm-002-slow.mp3,,assets/images/lesson-visuals/day16-dietary-needs-visual.svg,True,False
16,lesson-016,Dietary Needs,"Café, Restaurant & Food",3,day16-wash-fih-l-hlib-003,Does it have milk?,wash fih l-hlib?,Ask about milk.,assets/audio/day16/day16-wash-fih-l-hlib-003-normal.mp3,assets/audio/day16/day16-wash-fih-l-hlib-003-slow.mp3,,assets/images/lesson-visuals/day16-dietary-needs-visual.svg,True,False
16,lesson-016,Dietary Needs,"Café, Restaurant & Food",4,day16-wash-fih-l-bid-004,Does it have eggs?,wash fih l-bid?,Ask about eggs.,assets/audio/day16/day16-wash-fih-l-bid-004-normal.mp3,assets/audio/day16/day16-wash-fih-l-bid-004-slow.mp3,,assets/images/lesson-visuals/day16-dietary-needs-visual.svg,True,False
16,lesson-016,Dietary Needs,"Café, Restaurant & Food",5,day16-bla-aafak-005,"Without ..., please.",bla ... aafak,Remove an ingredient politely.,assets/audio/day16/day16-bla-aafak-005-normal.mp3,assets/audio/day16/day16-bla-aafak-005-slow.mp3,,assets/images/lesson-visuals/day16-dietary-needs-visual.svg,True,False
17,lesson-017,Ask the Price,Markets & Money,1,day17-bsh-hal-hada-001,How much is this?,bsh-hal hada?,Ask the price of a masculine item.,assets/audio/day17/day17-bsh-hal-hada-001-normal.mp3,assets/audio/day17/day17-bsh-hal-hada-001-slow.mp3,,assets/images/lesson-visuals/day17-ask-the-price-visual.svg,True,False
17,lesson-017,Ask the Price,Markets & Money,2,day17-bsh-hal-hadi-002,How much is this?,bsh-hal hadi?,Ask the price of a feminine item.,assets/audio/day17/day17-bsh-hal-hadi-002-normal.mp3,assets/audio/day17/day17-bsh-hal-hadi-002-slow.mp3,,assets/images/lesson-visuals/day17-ask-the-price-visual.svg,True,False
17,lesson-017,Ask the Price,Markets & Money,3,day17-shhal-taman-003,What is the price?,shhal taman?,Ask the price in a more general way.,assets/audio/day17/day17-shhal-taman-003-normal.mp3,assets/audio/day17/day17-shhal-taman-003-slow.mp3,,assets/images/lesson-visuals/day17-ask-the-price-visual.svg,True,False
17,lesson-017,Ask the Price,Markets & Money,4,day17-hada-zwin-004,This is nice.,hada zwin,Show interest in an item.,assets/audio/day17/day17-hada-zwin-004-normal.mp3,assets/audio/day17/day17-hada-zwin-004-slow.mp3,,assets/images/lesson-visuals/day17-ask-the-price-visual.svg,True,False
17,lesson-017,Ask the Price,Markets & Money,5,day17-bghit-nshuf-005,I want to look.,bghit nshuf,Say you just want to look.,assets/audio/day17/day17-bghit-nshuf-005-normal.mp3,assets/audio/day17/day17-bghit-nshuf-005-slow.mp3,,assets/images/lesson-visuals/day17-ask-the-price-visual.svg,True,False
18,lesson-018,Bargain Politely,Markets & Money,1,day18-ghali-bzaf-001,Too expensive.,ghali bzaf,Signal that the price is high.,assets/audio/day18/day18-ghali-bzaf-001-normal.mp3,assets/audio/day18/day18-ghali-bzaf-001-slow.mp3,,assets/images/lesson-visuals/day18-bargain-politely-visual.svg,True,False
18,lesson-018,Bargain Politely,Markets & Money,2,day18-nqes-shwiya-aafak-002,"Lower it a little, please.",nqes shwiya aafak,Ask for a small reduction.,assets/audio/day18/day18-nqes-shwiya-aafak-002-normal.mp3,assets/audio/day18/day18-nqes-shwiya-aafak-002-slow.mp3,,assets/images/lesson-visuals/day18-bargain-politely-visual.svg,True,False
18,lesson-018,Bargain Politely,Markets & Money,3,day18-akher-taman-003,Last price?,akher taman?,Ask for the final price.,assets/audio/day18/day18-akher-taman-003-normal.mp3,assets/audio/day18/day18-akher-taman-003-slow.mp3,,assets/images/lesson-visuals/day18-bargain-politely-visual.svg,True,False
18,lesson-018,Bargain Politely,Markets & Money,4,day18-ma-bghitsh-004,I do not want it.,ma bghitsh,Refuse and be ready to walk away.,assets/audio/day18/day18-ma-bghitsh-004-normal.mp3,assets/audio/day18/day18-ma-bghitsh-004-slow.mp3,,assets/images/lesson-visuals/day18-bargain-politely-visual.svg,True,False
18,lesson-018,Bargain Politely,Markets & Money,5,day18-wakha-005,Okay.,wakha,Accept the final price.,assets/audio/day18/day18-wakha-005-normal.mp3,assets/audio/day18/day18-wakha-005-slow.mp3,,assets/images/lesson-visuals/day18-bargain-politely-visual.svg,True,False
19,lesson-019,"Buy This, Not That",Markets & Money,1,day19-bghit-hada-001,I want this.,bghit hada,Choose an item directly.,assets/audio/day19/day19-bghit-hada-001-normal.mp3,assets/audio/day19/day19-bghit-hada-001-slow.mp3,,assets/images/lesson-visuals/day19-buy-this-not-that-visual.svg,True,False
19,lesson-019,"Buy This, Not That",Markets & Money,2,day19-ma-bghitsh-hadi-002,I do not want this one.,ma bghitsh hadi,Reject an offered item.,assets/audio/day19/day19-ma-bghitsh-hadi-002-normal.mp3,assets/audio/day19/day19-ma-bghitsh-hadi-002-slow.mp3,,assets/images/lesson-visuals/day19-buy-this-not-that-visual.svg,True,False
19,lesson-019,"Buy This, Not That",Markets & Money,3,day19-atini-hada-aafak-003,"Give me this, please.",atini hada aafak,Ask the seller to hand you an item.,assets/audio/day19/day19-atini-hada-aafak-003-normal.mp3,assets/audio/day19/day19-atini-hada-aafak-003-slow.mp3,,assets/images/lesson-visuals/day19-buy-this-not-that-visual.svg,True,False
19,lesson-019,"Buy This, Not That",Markets & Money,4,day19-kayna-shi-haja-khra-004,Is there another one?,kayna shi haja khra?,Ask for an alternative.,assets/audio/day19/day19-kayna-shi-haja-khra-004-normal.mp3,assets/audio/day19/day19-kayna-shi-haja-khra-004-slow.mp3,,assets/images/lesson-visuals/day19-buy-this-not-that-visual.svg,True,False
19,lesson-019,"Buy This, Not That",Markets & Money,5,day19-safi-005,Enough / done.,safi,Say that the decision is complete.,assets/audio/day19/day19-safi-005-normal.mp3,assets/audio/day19/day19-safi-005-slow.mp3,,assets/images/lesson-visuals/day19-buy-this-not-that-visual.svg,True,False
20,lesson-020,Sizes and Colors,Markets & Money,1,day20-kbir-001,Big.,kbir,Describe a large item.,assets/audio/day20/day20-kbir-001-normal.mp3,assets/audio/day20/day20-kbir-001-slow.mp3,,assets/images/lesson-visuals/day20-sizes-and-colors-visual.svg,True,False
20,lesson-020,Sizes and Colors,Markets & Money,2,day20-sghir-002,Small.,sghir,Describe a small item.,assets/audio/day20/day20-sghir-002-normal.mp3,assets/audio/day20/day20-sghir-002-slow.mp3,,assets/images/lesson-visuals/day20-sizes-and-colors-visual.svg,True,False
20,lesson-020,Sizes and Colors,Markets & Money,3,day20-khal-003,Black.,khal,Ask for or describe black color.,assets/audio/day20/day20-khal-003-normal.mp3,assets/audio/day20/day20-khal-003-slow.mp3,,assets/images/lesson-visuals/day20-sizes-and-colors-visual.svg,True,False
20,lesson-020,Sizes and Colors,Markets & Money,4,day20-byed-004,White.,byed,Ask for or describe white color.,assets/audio/day20/day20-byed-004-normal.mp3,assets/audio/day20/day20-byed-004-slow.mp3,,assets/images/lesson-visuals/day20-sizes-and-colors-visual.svg,True,False
20,lesson-020,Sizes and Colors,Markets & Money,5,day20-zraq-005,Blue.,zraq,Ask for or describe blue color.,assets/audio/day20/day20-zraq-005-normal.mp3,assets/audio/day20/day20-zraq-005-slow.mp3,,assets/images/lesson-visuals/day20-sizes-and-colors-visual.svg,True,False
21,lesson-021,Numbers for Prices,Markets & Money,1,day21-wahed-001,One.,wahed,Use or hear the number one.,assets/audio/day21/day21-wahed-001-normal.mp3,assets/audio/day21/day21-wahed-001-slow.mp3,,assets/images/lesson-visuals/day21-numbers-for-prices-visual.svg,True,False
21,lesson-021,Numbers for Prices,Markets & Money,2,day21-jouj-002,Two.,jouj,Use or hear the number two.,assets/audio/day21/day21-jouj-002-normal.mp3,assets/audio/day21/day21-jouj-002-slow.mp3,,assets/images/lesson-visuals/day21-numbers-for-prices-visual.svg,True,False
21,lesson-021,Numbers for Prices,Markets & Money,3,day21-tlata-003,Three.,tlata,Use or hear the number three.,assets/audio/day21/day21-tlata-003-normal.mp3,assets/audio/day21/day21-tlata-003-slow.mp3,,assets/images/lesson-visuals/day21-numbers-for-prices-visual.svg,True,False
21,lesson-021,Numbers for Prices,Markets & Money,4,day21-ashra-004,Ten.,ashra,Use or hear the number ten.,assets/audio/day21/day21-ashra-004-normal.mp3,assets/audio/day21/day21-ashra-004-slow.mp3,,assets/images/lesson-visuals/day21-numbers-for-prices-visual.svg,True,False
21,lesson-021,Numbers for Prices,Markets & Money,5,day21-bsh-hal-b-drham-005,How much in dirhams?,bsh-hal b drham?,Ask the price in dirhams.,assets/audio/day21/day21-bsh-hal-b-drham-005-normal.mp3,assets/audio/day21/day21-bsh-hal-b-drham-005-slow.mp3,,assets/images/lesson-visuals/day21-numbers-for-prices-visual.svg,True,False
22,lesson-022,Hotel / Riad Check-in,"Hotel, Help & Practical Needs",1,day22-andi-reservation-001,I have a reservation.,andi reservation,Tell reception you booked already.,assets/audio/day22/day22-andi-reservation-001-normal.mp3,assets/audio/day22/day22-andi-reservation-001-slow.mp3,,assets/images/lesson-visuals/day22-hotel-riad-check-in-visual.svg,True,False
22,lesson-022,Hotel / Riad Check-in,"Hotel, Help & Practical Needs",2,day22-smiti-002,My name is...,smiti...,Give the booking name.,assets/audio/day22/day22-smiti-002-normal.mp3,assets/audio/day22/day22-smiti-002-slow.mp3,,assets/images/lesson-visuals/day22-hotel-riad-check-in-visual.svg,True,False
22,lesson-022,Hotel / Riad Check-in,"Hotel, Help & Practical Needs",3,day22-fin-l-bit-003,Where is the room?,fin l-bit?,Ask where the room is.,assets/audio/day22/day22-fin-l-bit-003-normal.mp3,assets/audio/day22/day22-fin-l-bit-003-slow.mp3,,assets/images/lesson-visuals/day22-hotel-riad-check-in-visual.svg,True,False
22,lesson-022,Hotel / Riad Check-in,"Hotel, Help & Practical Needs",4,day22-bghit-l-mftah-004,I want the key.,bghit l-mftah,Ask for the room key.,assets/audio/day22/day22-bghit-l-mftah-004-normal.mp3,assets/audio/day22/day22-bghit-l-mftah-004-slow.mp3,,assets/images/lesson-visuals/day22-hotel-riad-check-in-visual.svg,True,False
22,lesson-022,Hotel / Riad Check-in,"Hotel, Help & Practical Needs",5,day22-shukran-005,Thank you.,shukran,Close the check-in politely.,assets/audio/day22/day22-shukran-005-normal.mp3,assets/audio/day22/day22-shukran-005-slow.mp3,,assets/images/lesson-visuals/day22-hotel-riad-check-in-visual.svg,True,False
23,lesson-023,Hotel Problems,"Hotel, Help & Practical Needs",1,day23-ma-kaynsh-lma-skhun-001,There is no hot water.,ma kaynsh lma skhun,Report a hot water problem.,assets/audio/day23/day23-ma-kaynsh-lma-skhun-001-normal.mp3,assets/audio/day23/day23-ma-kaynsh-lma-skhun-001-slow.mp3,,assets/images/lesson-visuals/day23-hotel-problems-visual.svg,True,False
23,lesson-023,Hotel Problems,"Hotel, Help & Practical Needs",2,day23-l-wifi-ma-khdamsh-002,The Wi-Fi is not working.,l-wifi ma khdamsh,Report internet trouble.,assets/audio/day23/day23-l-wifi-ma-khdamsh-002-normal.mp3,assets/audio/day23/day23-l-wifi-ma-khdamsh-002-slow.mp3,,assets/images/lesson-visuals/day23-hotel-problems-visual.svg,True,False
23,lesson-023,Hotel Problems,"Hotel, Help & Practical Needs",3,day23-bghit-nbedel-l-bit-003,I want to change the room.,bghit nbedel l-bit,Request a different room.,assets/audio/day23/day23-bghit-nbedel-l-bit-003-normal.mp3,assets/audio/day23/day23-bghit-nbedel-l-bit-003-slow.mp3,,assets/images/lesson-visuals/day23-hotel-problems-visual.svg,True,False
23,lesson-023,Hotel Problems,"Hotel, Help & Practical Needs",4,day23-aaweni-aafak-004,"Help me, please.",aaweni aafak,Ask the staff for assistance.,assets/audio/day23/day23-aaweni-aafak-004-normal.mp3,assets/audio/day23/day23-aaweni-aafak-004-slow.mp3,,assets/images/lesson-visuals/day23-hotel-problems-visual.svg,True,False
23,lesson-023,Hotel Problems,"Hotel, Help & Practical Needs",5,day23-maashi-mushkil-005,No problem.,maashi mushkil,Respond calmly if the issue is solved.,assets/audio/day23/day23-maashi-mushkil-005-normal.mp3,assets/audio/day23/day23-maashi-mushkil-005-slow.mp3,,assets/images/lesson-visuals/day23-hotel-problems-visual.svg,True,False
24,lesson-024,Ask Where Things Are,"Hotel, Help & Practical Needs",1,day24-fin-kayn-001,Where is ...?,fin kayn...?,Ask where a place is.,assets/audio/day24/day24-fin-kayn-001-normal.mp3,assets/audio/day24/day24-fin-kayn-001-slow.mp3,,assets/images/lesson-visuals/day24-ask-where-things-are-visual.svg,True,False
24,lesson-024,Ask Where Things Are,"Hotel, Help & Practical Needs",2,day24-fin-toilet-002,Where is the toilet?,fin toilet?,Find the toilet.,assets/audio/day24/day24-fin-toilet-002-normal.mp3,assets/audio/day24/day24-fin-toilet-002-slow.mp3,,assets/images/lesson-visuals/day24-ask-where-things-are-visual.svg,True,False
24,lesson-024,Ask Where Things Are,"Hotel, Help & Practical Needs",3,day24-fin-pharmacy-003,Where is the pharmacy?,fin pharmacy?,Find a pharmacy.,assets/audio/day24/day24-fin-pharmacy-003-normal.mp3,assets/audio/day24/day24-fin-pharmacy-003-slow.mp3,,assets/images/lesson-visuals/day24-ask-where-things-are-visual.svg,True,False
24,lesson-024,Ask Where Things Are,"Hotel, Help & Practical Needs",4,day24-fin-atm-004,Where is an ATM?,fin ATM?,Find an ATM.,assets/audio/day24/day24-fin-atm-004-normal.mp3,assets/audio/day24/day24-fin-atm-004-slow.mp3,,assets/images/lesson-visuals/day24-ask-where-things-are-visual.svg,True,False
24,lesson-024,Ask Where Things Are,"Hotel, Help & Practical Needs",5,day24-qreb-005,Is it near?,qreb?,Check whether the place is close.,assets/audio/day24/day24-qreb-005-normal.mp3,assets/audio/day24/day24-qreb-005-slow.mp3,,assets/images/lesson-visuals/day24-ask-where-things-are-visual.svg,True,False
25,lesson-025,Need Help / Emergency Light,"Hotel, Help & Practical Needs",1,day25-aaweni-aafak-001,"Help me, please.",aaweni aafak,Ask for immediate help.,assets/audio/day25/day25-aaweni-aafak-001-normal.mp3,assets/audio/day25/day25-aaweni-aafak-001-slow.mp3,,assets/images/lesson-visuals/day25-need-help-emergency-light-visual.svg,True,False
25,lesson-025,Need Help / Emergency Light,"Hotel, Help & Practical Needs",2,day25-bghit-doctor-002,I need a doctor.,bghit doctor,Ask for a doctor.,assets/audio/day25/day25-bghit-doctor-002-normal.mp3,assets/audio/day25/day25-bghit-doctor-002-slow.mp3,,assets/images/lesson-visuals/day25-need-help-emergency-light-visual.svg,True,False
25,lesson-025,Need Help / Emergency Light,"Hotel, Help & Practical Needs",3,day25-ana-mrid-003,I am sick.,ana mrid,Explain that you feel ill.,assets/audio/day25/day25-ana-mrid-003-normal.mp3,assets/audio/day25/day25-ana-mrid-003-slow.mp3,,assets/images/lesson-visuals/day25-need-help-emergency-light-visual.svg,True,False
25,lesson-025,Need Help / Emergency Light,"Hotel, Help & Practical Needs",4,day25-mshat-li-l-portefeuille-004,I lost my wallet.,mshat li l-portefeuille,Report that your wallet is missing.,assets/audio/day25/day25-mshat-li-l-portefeuille-004-normal.mp3,assets/audio/day25/day25-mshat-li-l-portefeuille-004-slow.mp3,,assets/images/lesson-visuals/day25-need-help-emergency-light-visual.svg,True,False
25,lesson-025,Need Help / Emergency Light,"Hotel, Help & Practical Needs",5,day25-fin-police-005,Where are the police?,fin police?,Ask where the police are.,assets/audio/day25/day25-fin-police-005-normal.mp3,assets/audio/day25/day25-fin-police-005-slow.mp3,,assets/images/lesson-visuals/day25-need-help-emergency-light-visual.svg,True,False
26,lesson-026,"Phone, SIM, Internet","Hotel, Help & Practical Needs",1,day26-bghit-carte-sim-001,I want a SIM card.,bghit carte SIM,Ask for a SIM card.,assets/audio/day26/day26-bghit-carte-sim-001-normal.mp3,assets/audio/day26/day26-bghit-carte-sim-001-slow.mp3,,assets/images/lesson-visuals/day26-phone-sim-internet-visual.svg,True,False
26,lesson-026,"Phone, SIM, Internet","Hotel, Help & Practical Needs",2,day26-bghit-internet-002,I want internet.,bghit internet,Ask for internet service.,assets/audio/day26/day26-bghit-internet-002-normal.mp3,assets/audio/day26/day26-bghit-internet-002-slow.mp3,,assets/images/lesson-visuals/day26-phone-sim-internet-visual.svg,True,False
26,lesson-026,"Phone, SIM, Internet","Hotel, Help & Practical Needs",3,day26-shhal-giga-003,How many gigabytes?,shhal giga?,Ask about data volume.,assets/audio/day26/day26-shhal-giga-003-normal.mp3,assets/audio/day26/day26-shhal-giga-003-slow.mp3,,assets/images/lesson-visuals/day26-phone-sim-internet-visual.svg,True,False
26,lesson-026,"Phone, SIM, Internet","Hotel, Help & Practical Needs",4,day26-ma-khdamsh-004,It does not work.,ma khdamsh,Say that the phone or connection is not working.,assets/audio/day26/day26-ma-khdamsh-004-normal.mp3,assets/audio/day26/day26-ma-khdamsh-004-slow.mp3,,assets/images/lesson-visuals/day26-phone-sim-internet-visual.svg,True,False
26,lesson-026,"Phone, SIM, Internet","Hotel, Help & Practical Needs",5,day26-aaweni-aafak-005,"Help me, please.",aaweni aafak,Ask the seller or staff for help.,assets/audio/day26/day26-aaweni-aafak-005-normal.mp3,assets/audio/day26/day26-aaweni-aafak-005-slow.mp3,,assets/images/lesson-visuals/day26-phone-sim-internet-visual.svg,True,False
27,lesson-027,Compliments and Warm Phrases,Cultural Confidence,1,day27-bssaha-001,Enjoy / with health.,bssaha,"Say it when someone eats, drinks, or uses something new.",assets/audio/day27/day27-bssaha-001-normal.mp3,assets/audio/day27/day27-bssaha-001-slow.mp3,,assets/images/lesson-visuals/day27-compliments-and-warm-phrases-visual.svg,True,False
27,lesson-027,Compliments and Warm Phrases,Cultural Confidence,2,day27-llah-ykhalik-002,May God keep you / thank you politely.,llah ykhalik,Reply warmly to kindness or help.,assets/audio/day27/day27-llah-ykhalik-002-normal.mp3,assets/audio/day27/day27-llah-ykhalik-002-slow.mp3,,assets/images/lesson-visuals/day27-compliments-and-warm-phrases-visual.svg,True,False
27,lesson-027,Compliments and Warm Phrases,Cultural Confidence,3,day27-zwin-bzaf-003,Very nice.,zwin bzaf,Compliment something directly.,assets/audio/day27/day27-zwin-bzaf-003-normal.mp3,assets/audio/day27/day27-zwin-bzaf-003-slow.mp3,,assets/images/lesson-visuals/day27-compliments-and-warm-phrases-visual.svg,True,False
27,lesson-027,Compliments and Warm Phrases,Cultural Confidence,4,day27-had-l-blad-zwina-004,This country is beautiful.,had l-blad zwina,Say something warm about Morocco.,assets/audio/day27/day27-had-l-blad-zwina-004-normal.mp3,assets/audio/day27/day27-had-l-blad-zwina-004-slow.mp3,,assets/images/lesson-visuals/day27-compliments-and-warm-phrases-visual.svg,True,False
27,lesson-027,Compliments and Warm Phrases,Cultural Confidence,5,day27-shukran-bzaf-005,Thank you very much.,shukran bzaf,Show strong gratitude.,assets/audio/day27/day27-shukran-bzaf-005-normal.mp3,assets/audio/day27/day27-shukran-bzaf-005-slow.mp3,,assets/images/lesson-visuals/day27-compliments-and-warm-phrases-visual.svg,True,False
28,lesson-028,Decline Politely,Cultural Confidence,1,day28-la-shukran-001,"No, thank you.",la shukran,Refuse politely.,assets/audio/day28/day28-la-shukran-001-normal.mp3,assets/audio/day28/day28-la-shukran-001-slow.mp3,,assets/images/lesson-visuals/day28-decline-politely-visual.svg,True,False
28,lesson-028,Decline Politely,Cultural Confidence,2,day28-ma-bghitsh-002,I do not want.,ma bghitsh,Decline an offer clearly.,assets/audio/day28/day28-ma-bghitsh-002-normal.mp3,assets/audio/day28/day28-ma-bghitsh-002-slow.mp3,,assets/images/lesson-visuals/day28-decline-politely-visual.svg,True,False
28,lesson-028,Decline Politely,Cultural Confidence,3,day28-ghir-kan-shuf-003,I am just looking.,ghir kan-shuf,Tell a seller you are browsing only.,assets/audio/day28/day28-ghir-kan-shuf-003-normal.mp3,assets/audio/day28/day28-ghir-kan-shuf-003-slow.mp3,,assets/images/lesson-visuals/day28-decline-politely-visual.svg,True,False
28,lesson-028,Decline Politely,Cultural Confidence,4,day28-ma-andish-flus-daba-004,I do not have money now.,ma andish flus daba,Avoid pressure politely.,assets/audio/day28/day28-ma-andish-flus-daba-004-normal.mp3,assets/audio/day28/day28-ma-andish-flus-daba-004-slow.mp3,,assets/images/lesson-visuals/day28-decline-politely-visual.svg,True,False
28,lesson-028,Decline Politely,Cultural Confidence,5,day28-safi-shukran-005,"That is enough, thank you.",safi shukran,End the conversation politely.,assets/audio/day28/day28-safi-shukran-005-normal.mp3,assets/audio/day28/day28-safi-shukran-005-slow.mp3,,assets/images/lesson-visuals/day28-decline-politely-visual.svg,True,False
29,lesson-029,Full Travel Dialogue,Cultural Confidence,1,day29-salam-001,Hello.,salam,Open the interaction.,assets/audio/day29/day29-salam-001-normal.mp3,assets/audio/day29/day29-salam-001-slow.mp3,,assets/images/lesson-visuals/day29-full-travel-dialogue-visual.svg,True,False
29,lesson-029,Full Travel Dialogue,Cultural Confidence,2,day29-bghit-nmshi-l-otel-002,I want to go to the hotel.,bghit nmshi l-otel,State your destination.,assets/audio/day29/day29-bghit-nmshi-l-otel-002-normal.mp3,assets/audio/day29/day29-bghit-nmshi-l-otel-002-slow.mp3,,assets/images/lesson-visuals/day29-full-travel-dialogue-visual.svg,True,False
29,lesson-029,Full Travel Dialogue,Cultural Confidence,3,day29-shaal-l-compteur-aafak-003,"Turn on the meter, please.",shaal l-compteur aafak,Protect the taxi ride.,assets/audio/day29/day29-shaal-l-compteur-aafak-003-normal.mp3,assets/audio/day29/day29-shaal-l-compteur-aafak-003-slow.mp3,,assets/images/lesson-visuals/day29-full-travel-dialogue-visual.svg,True,False
29,lesson-029,Full Travel Dialogue,Cultural Confidence,4,day29-wqef-hna-aafak-004,"Stop here, please.",wqef hna aafak,End the ride at the right place.,assets/audio/day29/day29-wqef-hna-aafak-004-normal.mp3,assets/audio/day29/day29-wqef-hna-aafak-004-slow.mp3,,assets/images/lesson-visuals/day29-full-travel-dialogue-visual.svg,True,False
29,lesson-029,Full Travel Dialogue,Cultural Confidence,5,day29-shukran-bzaf-005,Thank you very much.,shukran bzaf,Close the exchange warmly.,assets/audio/day29/day29-shukran-bzaf-005-normal.mp3,assets/audio/day29/day29-shukran-bzaf-005-slow.mp3,,assets/images/lesson-visuals/day29-full-travel-dialogue-visual.svg,True,False
30,lesson-030,Final Morocco Survival Test,Cultural Confidence,1,day30-salam-001,Hello.,salam,Start a real interaction confidently.,assets/audio/day30/day30-salam-001-normal.mp3,assets/audio/day30/day30-salam-001-slow.mp3,,assets/images/lesson-visuals/day30-final-morocco-survival-test-visual.svg,True,False
30,lesson-030,Final Morocco Survival Test,Cultural Confidence,2,day30-bghit-nmshi-l-otel-002,I want to go to the hotel.,bghit nmshi l-otel,Handle taxi arrival.,assets/audio/day30/day30-bghit-nmshi-l-otel-002-normal.mp3,assets/audio/day30/day30-bghit-nmshi-l-otel-002-slow.mp3,,assets/images/lesson-visuals/day30-final-morocco-survival-test-visual.svg,True,False
30,lesson-030,Final Morocco Survival Test,Cultural Confidence,3,day30-qahwa-kahla-aafak-003,"Black coffee, please.",qahwa kahla aafak,Order in a café.,assets/audio/day30/day30-qahwa-kahla-aafak-003-normal.mp3,assets/audio/day30/day30-qahwa-kahla-aafak-003-slow.mp3,,assets/images/lesson-visuals/day30-final-morocco-survival-test-visual.svg,True,False
30,lesson-030,Final Morocco Survival Test,Cultural Confidence,4,day30-bsh-hal-hada-004,How much is this?,bsh-hal hada?,Ask the price in a market.,assets/audio/day30/day30-bsh-hal-hada-004-normal.mp3,assets/audio/day30/day30-bsh-hal-hada-004-slow.mp3,,assets/images/lesson-visuals/day30-final-morocco-survival-test-visual.svg,True,False
30,lesson-030,Final Morocco Survival Test,Cultural Confidence,5,day30-aaweni-aafak-005,"Help me, please.",aaweni aafak,Ask for help in a stressful moment.,assets/audio/day30/day30-aaweni-aafak-005-normal.mp3,assets/audio/day30/day30-aaweni-aafak-005-slow.mp3,,assets/images/lesson-visuals/day30-final-morocco-survival-test-visual.svg,True,False
